-- MySQL dump 10.13  Distrib 8.0.38, for Win64 (x86_64)
--
-- Host: localhost    Database: admin_gastose
-- ------------------------------------------------------
-- Server version	8.0.39

/*!40101 SET @OLD_CHARACTER_SET_CLIENT=@@CHARACTER_SET_CLIENT */;
/*!40101 SET @OLD_CHARACTER_SET_RESULTS=@@CHARACTER_SET_RESULTS */;
/*!40101 SET @OLD_COLLATION_CONNECTION=@@COLLATION_CONNECTION */;
/*!50503 SET NAMES utf8 */;
/*!40103 SET @OLD_TIME_ZONE=@@TIME_ZONE */;
/*!40103 SET TIME_ZONE='+00:00' */;
/*!40014 SET @OLD_UNIQUE_CHECKS=@@UNIQUE_CHECKS, UNIQUE_CHECKS=0 */;
/*!40014 SET @OLD_FOREIGN_KEY_CHECKS=@@FOREIGN_KEY_CHECKS, FOREIGN_KEY_CHECKS=0 */;
/*!40101 SET @OLD_SQL_MODE=@@SQL_MODE, SQL_MODE='NO_AUTO_VALUE_ON_ZERO' */;
/*!40111 SET @OLD_SQL_NOTES=@@SQL_NOTES, SQL_NOTES=0 */;

--
-- Table structure for table `ahorro`
--

DROP TABLE IF EXISTS `ahorro`;
/*!40101 SET @saved_cs_client     = @@character_set_client */;
/*!50503 SET character_set_client = utf8mb4 */;
CREATE TABLE `ahorro` (
  `aho_id` int NOT NULL AUTO_INCREMENT,
  `aho_cantidad` decimal(10,2) NOT NULL,
  `aho_fktaho` int NOT NULL,
  `aho_fkusuario` int NOT NULL,
  `aho_fktiempo` int NOT NULL,
  PRIMARY KEY (`aho_id`),
  KEY `aho_fktaho_idx` (`aho_fktaho`),
  KEY `aho_fkusuario_idx` (`aho_fkusuario`),
  KEY `aho_fktiempo_idx` (`aho_fktiempo`),
  CONSTRAINT `aho_fktaho` FOREIGN KEY (`aho_fktaho`) REFERENCES `tahorro` (`taho_id`),
  CONSTRAINT `aho_fktiempo` FOREIGN KEY (`aho_fktiempo`) REFERENCES `tiempo` (`tim_id`),
  CONSTRAINT `aho_fkusuario` FOREIGN KEY (`aho_fkusuario`) REFERENCES `usuario` (`usu_id`)
) ENGINE=InnoDB DEFAULT CHARSET=utf8mb4 COLLATE=utf8mb4_0900_ai_ci;
/*!40101 SET character_set_client = @saved_cs_client */;

--
-- Dumping data for table `ahorro`
--

LOCK TABLES `ahorro` WRITE;
/*!40000 ALTER TABLE `ahorro` DISABLE KEYS */;
/*!40000 ALTER TABLE `ahorro` ENABLE KEYS */;
UNLOCK TABLES;

--
-- Table structure for table `auth_assignment`
--

DROP TABLE IF EXISTS `auth_assignment`;
/*!40101 SET @saved_cs_client     = @@character_set_client */;
/*!50503 SET character_set_client = utf8mb4 */;
CREATE TABLE `auth_assignment` (
  `item_name` varchar(64) NOT NULL,
  `user_id` int NOT NULL,
  `created_at` int DEFAULT NULL,
  PRIMARY KEY (`item_name`,`user_id`),
  KEY `user_id` (`user_id`),
  CONSTRAINT `auth_assignment_ibfk_1` FOREIGN KEY (`item_name`) REFERENCES `auth_item` (`name`) ON DELETE CASCADE ON UPDATE CASCADE,
  CONSTRAINT `auth_assignment_ibfk_2` FOREIGN KEY (`user_id`) REFERENCES `user` (`id`) ON DELETE CASCADE ON UPDATE CASCADE
) ENGINE=InnoDB DEFAULT CHARSET=utf8mb3;
/*!40101 SET character_set_client = @saved_cs_client */;

--
-- Dumping data for table `auth_assignment`
--

LOCK TABLES `auth_assignment` WRITE;
/*!40000 ALTER TABLE `auth_assignment` DISABLE KEYS */;
INSERT INTO `auth_assignment` VALUES ('Admin',8,1745128324),('Clientes',4,1742438650),('Clientes',5,1745128312),('superadmin',1,1745120429),('superadmin',7,1745120506);
/*!40000 ALTER TABLE `auth_assignment` ENABLE KEYS */;
UNLOCK TABLES;

--
-- Table structure for table `auth_item`
--

DROP TABLE IF EXISTS `auth_item`;
/*!40101 SET @saved_cs_client     = @@character_set_client */;
/*!50503 SET character_set_client = utf8mb4 */;
CREATE TABLE `auth_item` (
  `name` varchar(64) NOT NULL,
  `type` int NOT NULL,
  `description` text,
  `rule_name` varchar(64) DEFAULT NULL,
  `data` text,
  `created_at` int DEFAULT NULL,
  `updated_at` int DEFAULT NULL,
  `group_code` varchar(64) DEFAULT NULL,
  PRIMARY KEY (`name`),
  KEY `rule_name` (`rule_name`),
  KEY `idx-auth_item-type` (`type`),
  KEY `fk_auth_item_group_code` (`group_code`),
  CONSTRAINT `auth_item_ibfk_1` FOREIGN KEY (`rule_name`) REFERENCES `auth_rule` (`name`) ON DELETE SET NULL ON UPDATE CASCADE,
  CONSTRAINT `auth_item_ibfk_2` FOREIGN KEY (`group_code`) REFERENCES `auth_item_group` (`code`) ON DELETE SET NULL ON UPDATE CASCADE
) ENGINE=InnoDB DEFAULT CHARSET=utf8mb3;
/*!40101 SET character_set_client = @saved_cs_client */;

--
-- Dumping data for table `auth_item`
--

LOCK TABLES `auth_item` WRITE;
/*!40000 ALTER TABLE `auth_item` DISABLE KEYS */;
INSERT INTO `auth_item` VALUES ('/*',3,NULL,NULL,NULL,1426062189,1426062189,NULL),('/ahorro/*',3,NULL,NULL,NULL,1742423042,1742423042,NULL),('/ahorro/create',3,NULL,NULL,NULL,1742423042,1742423042,NULL),('/ahorro/delete',3,NULL,NULL,NULL,1742423042,1742423042,NULL),('/ahorro/index',3,NULL,NULL,NULL,1742423042,1742423042,NULL),('/ahorro/update',3,NULL,NULL,NULL,1742423042,1742423042,NULL),('/ahorro/view',3,NULL,NULL,NULL,1742423042,1742423042,NULL),('/banco/*',3,NULL,NULL,NULL,1742423042,1742423042,NULL),('/banco/create',3,NULL,NULL,NULL,1742423042,1742423042,NULL),('/banco/delete',3,NULL,NULL,NULL,1742423042,1742423042,NULL),('/banco/index',3,NULL,NULL,NULL,1742423042,1742423042,NULL),('/banco/update',3,NULL,NULL,NULL,1742423042,1742423042,NULL),('/banco/view',3,NULL,NULL,NULL,1742423042,1742423042,NULL),('/carrera/*',3,NULL,NULL,NULL,1742423042,1742423042,NULL),('/carrera/create',3,NULL,NULL,NULL,1742423042,1742423042,NULL),('/carrera/delete',3,NULL,NULL,NULL,1742423042,1742423042,NULL),('/carrera/index',3,NULL,NULL,NULL,1742423042,1742423042,NULL),('/carrera/update',3,NULL,NULL,NULL,1742423042,1742423042,NULL),('/carrera/view',3,NULL,NULL,NULL,1742423042,1742423042,NULL),('/colonia/*',3,NULL,NULL,NULL,1742423042,1742423042,NULL),('/colonia/create',3,NULL,NULL,NULL,1742423042,1742423042,NULL),('/colonia/delete',3,NULL,NULL,NULL,1742423042,1742423042,NULL),('/colonia/index',3,NULL,NULL,NULL,1742423042,1742423042,NULL),('/colonia/update',3,NULL,NULL,NULL,1742423042,1742423042,NULL),('/colonia/view',3,NULL,NULL,NULL,1742423042,1742423042,NULL),('/concepto/*',3,NULL,NULL,NULL,1742423042,1742423042,NULL),('/concepto/create',3,NULL,NULL,NULL,1742423042,1742423042,NULL),('/concepto/delete',3,NULL,NULL,NULL,1742423042,1742423042,NULL),('/concepto/index',3,NULL,NULL,NULL,1742423042,1742423042,NULL),('/concepto/update',3,NULL,NULL,NULL,1742423042,1742423042,NULL),('/concepto/view',3,NULL,NULL,NULL,1742423042,1742423042,NULL),('/cuenta/*',3,NULL,NULL,NULL,1742423042,1742423042,NULL),('/cuenta/create',3,NULL,NULL,NULL,1742423042,1742423042,NULL),('/cuenta/delete',3,NULL,NULL,NULL,1742423042,1742423042,NULL),('/cuenta/index',3,NULL,NULL,NULL,1742423042,1742423042,NULL),('/cuenta/update',3,NULL,NULL,NULL,1742423042,1742423042,NULL),('/cuenta/view',3,NULL,NULL,NULL,1742423042,1742423042,NULL),('/dashboard/*',3,NULL,NULL,NULL,1743546709,1743546709,NULL),('/dashboard/create',3,NULL,NULL,NULL,1743546709,1743546709,NULL),('/dashboard/delete',3,NULL,NULL,NULL,1743546709,1743546709,NULL),('/dashboard/index',3,NULL,NULL,NULL,1743546709,1743546709,NULL),('/dashboard/update',3,NULL,NULL,NULL,1743546709,1743546709,NULL),('/dashboard/view',3,NULL,NULL,NULL,1743546709,1743546709,NULL),('/debug/*',3,NULL,NULL,NULL,1510367286,1510367286,NULL),('/debug/default/*',3,NULL,NULL,NULL,1510367286,1510367286,NULL),('/debug/default/db-explain',3,NULL,NULL,NULL,1510367287,1510367287,NULL),('/debug/default/download-mail',3,NULL,NULL,NULL,1510367286,1510367286,NULL),('/debug/default/index',3,NULL,NULL,NULL,1510367287,1510367287,NULL),('/debug/default/toolbar',3,NULL,NULL,NULL,1510367287,1510367287,NULL),('/debug/default/view',3,NULL,NULL,NULL,1510367287,1510367287,NULL),('/debug/user/*',3,NULL,NULL,NULL,1510367286,1510367286,NULL),('/debug/user/reset-identity',3,NULL,NULL,NULL,1510367286,1510367286,NULL),('/debug/user/set-identity',3,NULL,NULL,NULL,1510367286,1510367286,NULL),('/documento/*',3,NULL,NULL,NULL,1742423042,1742423042,NULL),('/documento/create',3,NULL,NULL,NULL,1742423042,1742423042,NULL),('/documento/delete',3,NULL,NULL,NULL,1742423042,1742423042,NULL),('/documento/index',3,NULL,NULL,NULL,1742423042,1742423042,NULL),('/documento/update',3,NULL,NULL,NULL,1742423042,1742423042,NULL),('/documento/view',3,NULL,NULL,NULL,1742423042,1742423042,NULL),('/estado/*',3,NULL,NULL,NULL,1742423042,1742423042,NULL),('/estado/create',3,NULL,NULL,NULL,1742423042,1742423042,NULL),('/estado/delete',3,NULL,NULL,NULL,1742423042,1742423042,NULL),('/estado/index',3,NULL,NULL,NULL,1742423042,1742423042,NULL),('/estado/update',3,NULL,NULL,NULL,1742423042,1742423042,NULL),('/estado/view',3,NULL,NULL,NULL,1742423042,1742423042,NULL),('/gii/*',3,NULL,NULL,NULL,1426062189,1426062189,NULL),('/gii/default/*',3,NULL,NULL,NULL,1426062189,1426062189,NULL),('/gii/default/action',3,NULL,NULL,NULL,1426062189,1426062189,NULL),('/gii/default/diff',3,NULL,NULL,NULL,1426062189,1426062189,NULL),('/gii/default/index',3,NULL,NULL,NULL,1426062189,1426062189,NULL),('/gii/default/preview',3,NULL,NULL,NULL,1426062189,1426062189,NULL),('/gii/default/view',3,NULL,NULL,NULL,1426062189,1426062189,NULL),('/movimiento/*',3,NULL,NULL,NULL,1742423042,1742423042,NULL),('/movimiento/create',3,NULL,NULL,NULL,1742423042,1742423042,NULL),('/movimiento/delete',3,NULL,NULL,NULL,1742423042,1742423042,NULL),('/movimiento/index',3,NULL,NULL,NULL,1742423042,1742423042,NULL),('/movimiento/reporte',3,NULL,NULL,NULL,1742423042,1742423042,NULL),('/movimiento/update',3,NULL,NULL,NULL,1742423042,1742423042,NULL),('/movimiento/view',3,NULL,NULL,NULL,1742423042,1742423042,NULL),('/municipio/*',3,NULL,NULL,NULL,1742423042,1742423042,NULL),('/municipio/create',3,NULL,NULL,NULL,1742423042,1742423042,NULL),('/municipio/delete',3,NULL,NULL,NULL,1742423042,1742423042,NULL),('/municipio/index',3,NULL,NULL,NULL,1742423042,1742423042,NULL),('/municipio/update',3,NULL,NULL,NULL,1742423042,1742423042,NULL),('/municipio/view',3,NULL,NULL,NULL,1742423042,1742423042,NULL),('/notificacion/*',3,NULL,NULL,NULL,1742423042,1742423042,NULL),('/notificacion/create',3,NULL,NULL,NULL,1742423042,1742423042,NULL),('/notificacion/delete',3,NULL,NULL,NULL,1742423042,1742423042,NULL),('/notificacion/index',3,NULL,NULL,NULL,1742423042,1742423042,NULL),('/notificacion/update',3,NULL,NULL,NULL,1742423042,1742423042,NULL),('/notificacion/view',3,NULL,NULL,NULL,1742423042,1742423042,NULL),('/servicio/*',3,NULL,NULL,NULL,1742423042,1742423042,NULL),('/servicio/create',3,NULL,NULL,NULL,1742423042,1742423042,NULL),('/servicio/delete',3,NULL,NULL,NULL,1742423042,1742423042,NULL),('/servicio/index',3,NULL,NULL,NULL,1742423042,1742423042,NULL),('/servicio/update',3,NULL,NULL,NULL,1742423042,1742423042,NULL),('/servicio/view',3,NULL,NULL,NULL,1742423042,1742423042,NULL),('/site/*',3,NULL,NULL,NULL,1510367286,1510367286,NULL),('/site/about',3,NULL,NULL,NULL,1510367286,1510367286,NULL),('/site/captcha',3,NULL,NULL,NULL,1510367286,1510367286,NULL),('/site/contact',3,NULL,NULL,NULL,1510367286,1510367286,NULL),('/site/error',3,NULL,NULL,NULL,1510367286,1510367286,NULL),('/site/index',3,NULL,NULL,NULL,1510367286,1510367286,NULL),('/site/login',3,NULL,NULL,NULL,1510367286,1510367286,NULL),('/site/logout',3,NULL,NULL,NULL,1510367286,1510367286,NULL),('/suscripcion/*',3,NULL,NULL,NULL,1742423042,1742423042,NULL),('/suscripcion/create',3,NULL,NULL,NULL,1742423042,1742423042,NULL),('/suscripcion/delete',3,NULL,NULL,NULL,1742423042,1742423042,NULL),('/suscripcion/index',3,NULL,NULL,NULL,1742423042,1742423042,NULL),('/suscripcion/update',3,NULL,NULL,NULL,1742423042,1742423042,NULL),('/suscripcion/view',3,NULL,NULL,NULL,1742423042,1742423042,NULL),('/tahorro/*',3,NULL,NULL,NULL,1742423042,1742423042,NULL),('/tahorro/create',3,NULL,NULL,NULL,1742423042,1742423042,NULL),('/tahorro/delete',3,NULL,NULL,NULL,1742423042,1742423042,NULL),('/tahorro/index',3,NULL,NULL,NULL,1742423042,1742423042,NULL),('/tahorro/update',3,NULL,NULL,NULL,1742423042,1742423042,NULL),('/tahorro/view',3,NULL,NULL,NULL,1742423042,1742423042,NULL),('/tiempo/*',3,NULL,NULL,NULL,1742423042,1742423042,NULL),('/tiempo/create',3,NULL,NULL,NULL,1742423042,1742423042,NULL),('/tiempo/delete',3,NULL,NULL,NULL,1742423042,1742423042,NULL),('/tiempo/index',3,NULL,NULL,NULL,1742423042,1742423042,NULL),('/tiempo/update',3,NULL,NULL,NULL,1742423042,1742423042,NULL),('/tiempo/view',3,NULL,NULL,NULL,1742423042,1742423042,NULL),('/tmovimiento/*',3,NULL,NULL,NULL,1742423042,1742423042,NULL),('/tmovimiento/create',3,NULL,NULL,NULL,1742423042,1742423042,NULL),('/tmovimiento/delete',3,NULL,NULL,NULL,1742423042,1742423042,NULL),('/tmovimiento/index',3,NULL,NULL,NULL,1742423042,1742423042,NULL),('/tmovimiento/update',3,NULL,NULL,NULL,1742423042,1742423042,NULL),('/tmovimiento/view',3,NULL,NULL,NULL,1742423042,1742423042,NULL),('/tservicio/*',3,NULL,NULL,NULL,1742423042,1742423042,NULL),('/tservicio/create',3,NULL,NULL,NULL,1742423042,1742423042,NULL),('/tservicio/delete',3,NULL,NULL,NULL,1742423042,1742423042,NULL),('/tservicio/index',3,NULL,NULL,NULL,1742423042,1742423042,NULL),('/tservicio/update',3,NULL,NULL,NULL,1742423042,1742423042,NULL),('/tservicio/view',3,NULL,NULL,NULL,1742423042,1742423042,NULL),('/tsuscripcion/*',3,NULL,NULL,NULL,1742423042,1742423042,NULL),('/tsuscripcion/create',3,NULL,NULL,NULL,1742423042,1742423042,NULL),('/tsuscripcion/delete',3,NULL,NULL,NULL,1742423042,1742423042,NULL),('/tsuscripcion/index',3,NULL,NULL,NULL,1742423042,1742423042,NULL),('/tsuscripcion/update',3,NULL,NULL,NULL,1742423042,1742423042,NULL),('/tsuscripcion/view',3,NULL,NULL,NULL,1742423042,1742423042,NULL),('/user-management/*',3,NULL,NULL,NULL,1426062189,1426062189,NULL),('/user-management/auth-item-group/*',3,NULL,NULL,NULL,1426062189,1426062189,NULL),('/user-management/auth-item-group/bulk-activate',3,NULL,NULL,NULL,1426062189,1426062189,NULL),('/user-management/auth-item-group/bulk-deactivate',3,NULL,NULL,NULL,1426062189,1426062189,NULL),('/user-management/auth-item-group/bulk-delete',3,NULL,NULL,NULL,1426062189,1426062189,NULL),('/user-management/auth-item-group/create',3,NULL,NULL,NULL,1426062189,1426062189,NULL),('/user-management/auth-item-group/delete',3,NULL,NULL,NULL,1426062189,1426062189,NULL),('/user-management/auth-item-group/grid-page-size',3,NULL,NULL,NULL,1426062189,1426062189,NULL),('/user-management/auth-item-group/grid-sort',3,NULL,NULL,NULL,1426062189,1426062189,NULL),('/user-management/auth-item-group/index',3,NULL,NULL,NULL,1426062189,1426062189,NULL),('/user-management/auth-item-group/toggle-attribute',3,NULL,NULL,NULL,1426062189,1426062189,NULL),('/user-management/auth-item-group/update',3,NULL,NULL,NULL,1426062189,1426062189,NULL),('/user-management/auth-item-group/view',3,NULL,NULL,NULL,1426062189,1426062189,NULL),('/user-management/auth/*',3,NULL,NULL,NULL,1426062189,1426062189,NULL),('/user-management/auth/captcha',3,NULL,NULL,NULL,1426062189,1426062189,NULL),('/user-management/auth/change-own-password',3,NULL,NULL,NULL,1426062189,1426062189,NULL),('/user-management/auth/confirm-email',3,NULL,NULL,NULL,1426062189,1426062189,NULL),('/user-management/auth/confirm-email-receive',3,NULL,NULL,NULL,1426062189,1426062189,NULL),('/user-management/auth/confirm-registration-email',3,NULL,NULL,NULL,1426062189,1426062189,NULL),('/user-management/auth/login',3,NULL,NULL,NULL,1426062189,1426062189,NULL),('/user-management/auth/logout',3,NULL,NULL,NULL,1426062189,1426062189,NULL),('/user-management/auth/password-recovery',3,NULL,NULL,NULL,1426062189,1426062189,NULL),('/user-management/auth/password-recovery-receive',3,NULL,NULL,NULL,1426062189,1426062189,NULL),('/user-management/auth/registration',3,NULL,NULL,NULL,1426062189,1426062189,NULL),('/user-management/permission/*',3,NULL,NULL,NULL,1426062189,1426062189,NULL),('/user-management/permission/bulk-activate',3,NULL,NULL,NULL,1426062189,1426062189,NULL),('/user-management/permission/bulk-deactivate',3,NULL,NULL,NULL,1426062189,1426062189,NULL),('/user-management/permission/bulk-delete',3,NULL,NULL,NULL,1426062189,1426062189,NULL),('/user-management/permission/create',3,NULL,NULL,NULL,1426062189,1426062189,NULL),('/user-management/permission/delete',3,NULL,NULL,NULL,1426062189,1426062189,NULL),('/user-management/permission/grid-page-size',3,NULL,NULL,NULL,1426062189,1426062189,NULL),('/user-management/permission/grid-sort',3,NULL,NULL,NULL,1426062189,1426062189,NULL),('/user-management/permission/index',3,NULL,NULL,NULL,1426062189,1426062189,NULL),('/user-management/permission/refresh-routes',3,NULL,NULL,NULL,1426062189,1426062189,NULL),('/user-management/permission/set-child-permissions',3,NULL,NULL,NULL,1426062189,1426062189,NULL),('/user-management/permission/set-child-routes',3,NULL,NULL,NULL,1426062189,1426062189,NULL),('/user-management/permission/toggle-attribute',3,NULL,NULL,NULL,1426062189,1426062189,NULL),('/user-management/permission/update',3,NULL,NULL,NULL,1426062189,1426062189,NULL),('/user-management/permission/view',3,NULL,NULL,NULL,1426062189,1426062189,NULL),('/user-management/role/*',3,NULL,NULL,NULL,1426062189,1426062189,NULL),('/user-management/role/bulk-activate',3,NULL,NULL,NULL,1426062189,1426062189,NULL),('/user-management/role/bulk-deactivate',3,NULL,NULL,NULL,1426062189,1426062189,NULL),('/user-management/role/bulk-delete',3,NULL,NULL,NULL,1426062189,1426062189,NULL),('/user-management/role/create',3,NULL,NULL,NULL,1426062189,1426062189,NULL),('/user-management/role/delete',3,NULL,NULL,NULL,1426062189,1426062189,NULL),('/user-management/role/grid-page-size',3,NULL,NULL,NULL,1426062189,1426062189,NULL),('/user-management/role/grid-sort',3,NULL,NULL,NULL,1426062189,1426062189,NULL),('/user-management/role/index',3,NULL,NULL,NULL,1426062189,1426062189,NULL),('/user-management/role/set-child-permissions',3,NULL,NULL,NULL,1426062189,1426062189,NULL),('/user-management/role/set-child-roles',3,NULL,NULL,NULL,1426062189,1426062189,NULL),('/user-management/role/toggle-attribute',3,NULL,NULL,NULL,1426062189,1426062189,NULL),('/user-management/role/update',3,NULL,NULL,NULL,1426062189,1426062189,NULL),('/user-management/role/view',3,NULL,NULL,NULL,1426062189,1426062189,NULL),('/user-management/user-permission/*',3,NULL,NULL,NULL,1426062189,1426062189,NULL),('/user-management/user-permission/set',3,NULL,NULL,NULL,1426062189,1426062189,NULL),('/user-management/user-permission/set-roles',3,NULL,NULL,NULL,1426062189,1426062189,NULL),('/user-management/user-visit-log/*',3,NULL,NULL,NULL,1426062189,1426062189,NULL),('/user-management/user-visit-log/bulk-activate',3,NULL,NULL,NULL,1426062189,1426062189,NULL),('/user-management/user-visit-log/bulk-deactivate',3,NULL,NULL,NULL,1426062189,1426062189,NULL),('/user-management/user-visit-log/bulk-delete',3,NULL,NULL,NULL,1426062189,1426062189,NULL),('/user-management/user-visit-log/create',3,NULL,NULL,NULL,1426062189,1426062189,NULL),('/user-management/user-visit-log/delete',3,NULL,NULL,NULL,1426062189,1426062189,NULL),('/user-management/user-visit-log/grid-page-size',3,NULL,NULL,NULL,1426062189,1426062189,NULL),('/user-management/user-visit-log/grid-sort',3,NULL,NULL,NULL,1426062189,1426062189,NULL),('/user-management/user-visit-log/index',3,NULL,NULL,NULL,1426062189,1426062189,NULL),('/user-management/user-visit-log/toggle-attribute',3,NULL,NULL,NULL,1426062189,1426062189,NULL),('/user-management/user-visit-log/update',3,NULL,NULL,NULL,1426062189,1426062189,NULL),('/user-management/user-visit-log/view',3,NULL,NULL,NULL,1426062189,1426062189,NULL),('/user-management/user/*',3,NULL,NULL,NULL,1426062189,1426062189,NULL),('/user-management/user/bulk-activate',3,NULL,NULL,NULL,1426062189,1426062189,NULL),('/user-management/user/bulk-deactivate',3,NULL,NULL,NULL,1426062189,1426062189,NULL),('/user-management/user/bulk-delete',3,NULL,NULL,NULL,1426062189,1426062189,NULL),('/user-management/user/change-password',3,NULL,NULL,NULL,1426062189,1426062189,NULL),('/user-management/user/create',3,NULL,NULL,NULL,1426062189,1426062189,NULL),('/user-management/user/delete',3,NULL,NULL,NULL,1426062189,1426062189,NULL),('/user-management/user/grid-page-size',3,NULL,NULL,NULL,1426062189,1426062189,NULL),('/user-management/user/grid-sort',3,NULL,NULL,NULL,1426062189,1426062189,NULL),('/user-management/user/index',3,NULL,NULL,NULL,1426062189,1426062189,NULL),('/user-management/user/toggle-attribute',3,NULL,NULL,NULL,1426062189,1426062189,NULL),('/user-management/user/update',3,NULL,NULL,NULL,1426062189,1426062189,NULL),('/user-management/user/view',3,NULL,NULL,NULL,1426062189,1426062189,NULL),('/usuario/*',3,NULL,NULL,NULL,1742423042,1742423042,NULL),('/usuario/create',3,NULL,NULL,NULL,1742423042,1742423042,NULL),('/usuario/delete',3,NULL,NULL,NULL,1742423042,1742423042,NULL),('/usuario/index',3,NULL,NULL,NULL,1742423042,1742423042,NULL),('/usuario/update',3,NULL,NULL,NULL,1742423042,1742423042,NULL),('/usuario/view',3,NULL,NULL,NULL,1742423042,1742423042,NULL),('/usudoc/*',3,NULL,NULL,NULL,1742423042,1742423042,NULL),('/usudoc/create',3,NULL,NULL,NULL,1742423042,1742423042,NULL),('/usudoc/delete',3,NULL,NULL,NULL,1742423042,1742423042,NULL),('/usudoc/index',3,NULL,NULL,NULL,1742423042,1742423042,NULL),('/usudoc/update',3,NULL,NULL,NULL,1742423042,1742423042,NULL),('/usudoc/view',3,NULL,NULL,NULL,1742423042,1742423042,NULL),('Admin',1,'Admin',NULL,NULL,1426062189,1426062189,NULL),('assignRolesToUsers',2,'Assign roles to users',NULL,NULL,1426062189,1426062189,'userManagement'),('bindUserToIp',2,'Bind user to IP',NULL,NULL,1426062189,1426062189,'userManagement'),('changeOwnPassword',2,'Change own password',NULL,NULL,1426062189,1426062189,'userCommonPermissions'),('changeUserPassword',2,'Change user password',NULL,NULL,1426062189,1426062189,'userManagement'),('Clientes',1,'Clientes',NULL,NULL,1742438575,1742438575,NULL),('commonPermission',2,'Common permission',NULL,NULL,1426062188,1426062188,NULL),('createUsers',2,'Create users',NULL,NULL,1426062189,1426062189,'userManagement'),('deleteUsers',2,'Delete users',NULL,NULL,1426062189,1426062189,'userManagement'),('editUserEmail',2,'Edit user email',NULL,NULL,1426062189,1426062189,'userManagement'),('editUsers',2,'Edit users',NULL,NULL,1426062189,1426062189,'userManagement'),('permisocliente',2,'Permiso cliente',NULL,NULL,1743666489,1743666766,NULL),('permisostotal',2,'Permisos_Total',NULL,NULL,1743664767,1743664767,'Permisos_superadmin'),('Permisos_admin',2,'Permisos_admin',NULL,NULL,1745120046,1745120046,NULL),('permiso_dashboard',2,'permiso_dashboard',NULL,NULL,1743546690,1743546690,'userCommonPermissions'),('superadmin',1,'Superadmin',NULL,NULL,1743664460,1745120302,NULL),('viewRegistrationIp',2,'View registration IP',NULL,NULL,1426062189,1426062189,'userManagement'),('viewUserEmail',2,'View user email',NULL,NULL,1426062189,1426062189,'userManagement'),('viewUserRoles',2,'View user roles',NULL,NULL,1426062189,1426062189,'userManagement'),('viewUsers',2,'View users',NULL,NULL,1426062189,1426062189,'userManagement'),('viewVisitLog',2,'View visit log',NULL,NULL,1426062189,1426062189,'userManagement');
/*!40000 ALTER TABLE `auth_item` ENABLE KEYS */;
UNLOCK TABLES;

--
-- Table structure for table `auth_item_child`
--

DROP TABLE IF EXISTS `auth_item_child`;
/*!40101 SET @saved_cs_client     = @@character_set_client */;
/*!50503 SET character_set_client = utf8mb4 */;
CREATE TABLE `auth_item_child` (
  `parent` varchar(64) NOT NULL,
  `child` varchar(64) NOT NULL,
  PRIMARY KEY (`parent`,`child`),
  KEY `child` (`child`),
  CONSTRAINT `auth_item_child_ibfk_1` FOREIGN KEY (`parent`) REFERENCES `auth_item` (`name`) ON DELETE CASCADE ON UPDATE CASCADE,
  CONSTRAINT `auth_item_child_ibfk_2` FOREIGN KEY (`child`) REFERENCES `auth_item` (`name`) ON DELETE CASCADE ON UPDATE CASCADE
) ENGINE=InnoDB DEFAULT CHARSET=utf8mb3;
/*!40101 SET character_set_client = @saved_cs_client */;

--
-- Dumping data for table `auth_item_child`
--

LOCK TABLES `auth_item_child` WRITE;
/*!40000 ALTER TABLE `auth_item_child` DISABLE KEYS */;
INSERT INTO `auth_item_child` VALUES ('permisostotal','/ahorro/*'),('permisocliente','/ahorro/create'),('permisostotal','/ahorro/create'),('permisostotal','/ahorro/delete'),('permisostotal','/ahorro/index'),('permisocliente','/ahorro/update'),('permisostotal','/ahorro/update'),('permisostotal','/ahorro/view'),('permisostotal','/banco/*'),('permisostotal','/banco/create'),('Permisos_admin','/banco/create'),('permisostotal','/banco/delete'),('permisostotal','/banco/index'),('Permisos_admin','/banco/index'),('permisostotal','/banco/update'),('Permisos_admin','/banco/update'),('permisostotal','/banco/view'),('Permisos_admin','/banco/view'),('permisostotal','/carrera/*'),('permisostotal','/carrera/create'),('Permisos_admin','/carrera/create'),('permisostotal','/carrera/delete'),('Permisos_admin','/carrera/delete'),('permisostotal','/carrera/index'),('Permisos_admin','/carrera/index'),('permisostotal','/carrera/update'),('Permisos_admin','/carrera/update'),('permisostotal','/carrera/view'),('Permisos_admin','/carrera/view'),('permisostotal','/colonia/*'),('permisostotal','/colonia/create'),('Permisos_admin','/colonia/create'),('permisostotal','/colonia/delete'),('Permisos_admin','/colonia/delete'),('permisostotal','/colonia/index'),('Permisos_admin','/colonia/index'),('permisostotal','/colonia/update'),('Permisos_admin','/colonia/update'),('permisostotal','/colonia/view'),('Permisos_admin','/colonia/view'),('permisostotal','/concepto/*'),('Permisos_admin','/concepto/*'),('permisostotal','/concepto/create'),('Permisos_admin','/concepto/create'),('permisostotal','/concepto/delete'),('permisostotal','/concepto/index'),('Permisos_admin','/concepto/index'),('permisostotal','/concepto/update'),('Permisos_admin','/concepto/update'),('permisostotal','/concepto/view'),('Permisos_admin','/concepto/view'),('permisostotal','/cuenta/*'),('permisostotal','/cuenta/create'),('permisostotal','/cuenta/delete'),('permisostotal','/cuenta/index'),('permisostotal','/cuenta/update'),('permisostotal','/cuenta/view'),('permisostotal','/dashboard/*'),('Permisos_admin','/dashboard/*'),('permisostotal','/dashboard/create'),('Permisos_admin','/dashboard/create'),('permisostotal','/dashboard/delete'),('Permisos_admin','/dashboard/delete'),('permisostotal','/dashboard/index'),('Permisos_admin','/dashboard/index'),('permisostotal','/dashboard/update'),('Permisos_admin','/dashboard/update'),('permisostotal','/dashboard/view'),('Permisos_admin','/dashboard/view'),('permisostotal','/debug/*'),('Permisos_admin','/debug/*'),('permisostotal','/debug/default/*'),('permisostotal','/debug/default/db-explain'),('permisostotal','/debug/default/download-mail'),('permisostotal','/debug/default/index'),('permisostotal','/debug/default/toolbar'),('permisostotal','/debug/default/view'),('permisostotal','/debug/user/*'),('Permisos_admin','/debug/user/*'),('permisostotal','/debug/user/reset-identity'),('permisostotal','/debug/user/set-identity'),('Permisos_admin','/debug/user/set-identity'),('permisostotal','/documento/*'),('permisocliente','/documento/create'),('permisostotal','/documento/create'),('permisostotal','/documento/delete'),('permisostotal','/documento/index'),('permisocliente','/documento/update'),('permisostotal','/documento/update'),('permisocliente','/documento/view'),('permisostotal','/documento/view'),('permisostotal','/estado/*'),('Permisos_admin','/estado/*'),('permisostotal','/estado/create'),('Permisos_admin','/estado/create'),('permisostotal','/estado/delete'),('permisostotal','/estado/index'),('Permisos_admin','/estado/index'),('permisostotal','/estado/update'),('Permisos_admin','/estado/update'),('permisostotal','/estado/view'),('Permisos_admin','/estado/view'),('permisostotal','/gii/*'),('Permisos_admin','/gii/*'),('permisostotal','/gii/default/*'),('permisostotal','/gii/default/action'),('permisostotal','/gii/default/diff'),('permisostotal','/gii/default/index'),('permisostotal','/gii/default/preview'),('permisostotal','/gii/default/view'),('permisostotal','/movimiento/*'),('permisocliente','/movimiento/create'),('permisostotal','/movimiento/create'),('permisostotal','/movimiento/delete'),('permisocliente','/movimiento/index'),('permisostotal','/movimiento/index'),('permisostotal','/movimiento/reporte'),('permisocliente','/movimiento/update'),('permisostotal','/movimiento/update'),('permisostotal','/movimiento/view'),('permisostotal','/municipio/*'),('permisostotal','/municipio/create'),('Permisos_admin','/municipio/create'),('permisostotal','/municipio/delete'),('permisostotal','/municipio/index'),('Permisos_admin','/municipio/index'),('permisostotal','/municipio/update'),('Permisos_admin','/municipio/update'),('permisostotal','/municipio/view'),('Permisos_admin','/municipio/view'),('permisostotal','/notificacion/*'),('permisostotal','/notificacion/create'),('Permisos_admin','/notificacion/create'),('permisostotal','/notificacion/delete'),('permisostotal','/notificacion/index'),('Permisos_admin','/notificacion/index'),('permisostotal','/notificacion/update'),('Permisos_admin','/notificacion/update'),('permisostotal','/notificacion/view'),('Permisos_admin','/notificacion/view'),('permisostotal','/servicio/*'),('permisocliente','/servicio/create'),('permisostotal','/servicio/create'),('permisostotal','/servicio/delete'),('permisostotal','/servicio/index'),('permisocliente','/servicio/update'),('permisostotal','/servicio/update'),('permisostotal','/servicio/view'),('permisostotal','/site/*'),('Permisos_admin','/site/*'),('permisostotal','/site/about'),('Permisos_admin','/site/about'),('permisostotal','/site/captcha'),('Permisos_admin','/site/captcha'),('permisostotal','/site/contact'),('Permisos_admin','/site/contact'),('permisostotal','/site/error'),('Permisos_admin','/site/error'),('permisostotal','/site/index'),('Permisos_admin','/site/index'),('permiso_dashboard','/site/index'),('permisostotal','/site/login'),('Permisos_admin','/site/login'),('permisostotal','/site/logout'),('Permisos_admin','/site/logout'),('permisostotal','/suscripcion/*'),('permisocliente','/suscripcion/create'),('permisostotal','/suscripcion/create'),('permisostotal','/suscripcion/delete'),('permisostotal','/suscripcion/index'),('permisocliente','/suscripcion/update'),('permisostotal','/suscripcion/update'),('permisostotal','/suscripcion/view'),('permisostotal','/tahorro/*'),('Permisos_admin','/tahorro/*'),('permisostotal','/tahorro/create'),('Permisos_admin','/tahorro/create'),('permisostotal','/tahorro/delete'),('permisostotal','/tahorro/index'),('Permisos_admin','/tahorro/index'),('permisostotal','/tahorro/update'),('Permisos_admin','/tahorro/update'),('permisostotal','/tahorro/view'),('Permisos_admin','/tahorro/view'),('permisostotal','/tiempo/*'),('Permisos_admin','/tiempo/*'),('permisostotal','/tiempo/create'),('Permisos_admin','/tiempo/create'),('permisostotal','/tiempo/delete'),('permisostotal','/tiempo/index'),('Permisos_admin','/tiempo/index'),('permisostotal','/tiempo/update'),('Permisos_admin','/tiempo/update'),('permisostotal','/tiempo/view'),('Permisos_admin','/tiempo/view'),('permisostotal','/tmovimiento/*'),('Permisos_admin','/tmovimiento/*'),('permisostotal','/tmovimiento/create'),('Permisos_admin','/tmovimiento/create'),('permisostotal','/tmovimiento/delete'),('permisostotal','/tmovimiento/index'),('Permisos_admin','/tmovimiento/index'),('permisostotal','/tmovimiento/update'),('Permisos_admin','/tmovimiento/update'),('permisostotal','/tmovimiento/view'),('Permisos_admin','/tmovimiento/view'),('permisostotal','/tservicio/*'),('Permisos_admin','/tservicio/*'),('permisostotal','/tservicio/create'),('Permisos_admin','/tservicio/create'),('permisostotal','/tservicio/delete'),('permisostotal','/tservicio/index'),('Permisos_admin','/tservicio/index'),('permisostotal','/tservicio/update'),('Permisos_admin','/tservicio/update'),('permisostotal','/tservicio/view'),('Permisos_admin','/tservicio/view'),('permisostotal','/tsuscripcion/*'),('Permisos_admin','/tsuscripcion/*'),('permisostotal','/tsuscripcion/create'),('Permisos_admin','/tsuscripcion/create'),('permisostotal','/tsuscripcion/delete'),('permisostotal','/tsuscripcion/index'),('Permisos_admin','/tsuscripcion/index'),('permisostotal','/tsuscripcion/update'),('Permisos_admin','/tsuscripcion/update'),('permisostotal','/tsuscripcion/view'),('Permisos_admin','/tsuscripcion/view'),('permisostotal','/user-management/*'),('Permisos_admin','/user-management/*'),('permisostotal','/user-management/auth-item-group/*'),('Permisos_admin','/user-management/auth-item-group/*'),('permisostotal','/user-management/auth-item-group/bulk-activate'),('permisostotal','/user-management/auth-item-group/bulk-deactivate'),('permisostotal','/user-management/auth-item-group/bulk-delete'),('permisostotal','/user-management/auth-item-group/create'),('permisostotal','/user-management/auth-item-group/delete'),('permisostotal','/user-management/auth-item-group/grid-page-size'),('permisostotal','/user-management/auth-item-group/grid-sort'),('permisostotal','/user-management/auth-item-group/index'),('permisostotal','/user-management/auth-item-group/toggle-attribute'),('permisostotal','/user-management/auth-item-group/update'),('permisostotal','/user-management/auth-item-group/view'),('permisostotal','/user-management/auth/*'),('Permisos_admin','/user-management/auth/*'),('permisostotal','/user-management/auth/captcha'),('changeOwnPassword','/user-management/auth/change-own-password'),('permisostotal','/user-management/auth/change-own-password'),('permisostotal','/user-management/auth/confirm-email'),('permisostotal','/user-management/auth/confirm-email-receive'),('permisostotal','/user-management/auth/confirm-registration-email'),('permisostotal','/user-management/auth/login'),('permisostotal','/user-management/auth/logout'),('permisostotal','/user-management/auth/password-recovery'),('permisostotal','/user-management/auth/password-recovery-receive'),('permisostotal','/user-management/auth/registration'),('permisostotal','/user-management/permission/*'),('Permisos_admin','/user-management/permission/*'),('permisostotal','/user-management/permission/bulk-activate'),('permisostotal','/user-management/permission/bulk-deactivate'),('permisostotal','/user-management/permission/bulk-delete'),('permisostotal','/user-management/permission/create'),('permisostotal','/user-management/permission/delete'),('permisostotal','/user-management/permission/grid-page-size'),('permisostotal','/user-management/permission/grid-sort'),('permisostotal','/user-management/permission/index'),('permisostotal','/user-management/permission/refresh-routes'),('permisostotal','/user-management/permission/set-child-permissions'),('permisostotal','/user-management/permission/set-child-routes'),('permisostotal','/user-management/permission/toggle-attribute'),('permisostotal','/user-management/permission/update'),('permisostotal','/user-management/permission/view'),('permisostotal','/user-management/role/*'),('Permisos_admin','/user-management/role/*'),('permisostotal','/user-management/role/bulk-activate'),('permisostotal','/user-management/role/bulk-deactivate'),('permisostotal','/user-management/role/bulk-delete'),('permisostotal','/user-management/role/create'),('permisostotal','/user-management/role/delete'),('permisostotal','/user-management/role/grid-page-size'),('permisostotal','/user-management/role/grid-sort'),('permisostotal','/user-management/role/index'),('permisostotal','/user-management/role/set-child-permissions'),('permisostotal','/user-management/role/set-child-roles'),('permisostotal','/user-management/role/toggle-attribute'),('permisostotal','/user-management/role/update'),('permisostotal','/user-management/role/view'),('permisostotal','/user-management/user-permission/*'),('Permisos_admin','/user-management/user-permission/*'),('assignRolesToUsers','/user-management/user-permission/set'),('permisostotal','/user-management/user-permission/set'),('assignRolesToUsers','/user-management/user-permission/set-roles'),('permisostotal','/user-management/user-permission/set-roles'),('permisostotal','/user-management/user-visit-log/*'),('Permisos_admin','/user-management/user-visit-log/*'),('permisostotal','/user-management/user-visit-log/bulk-activate'),('permisostotal','/user-management/user-visit-log/bulk-deactivate'),('permisostotal','/user-management/user-visit-log/bulk-delete'),('permisostotal','/user-management/user-visit-log/create'),('permisostotal','/user-management/user-visit-log/delete'),('permisostotal','/user-management/user-visit-log/grid-page-size'),('viewVisitLog','/user-management/user-visit-log/grid-page-size'),('permisostotal','/user-management/user-visit-log/grid-sort'),('permisostotal','/user-management/user-visit-log/index'),('viewVisitLog','/user-management/user-visit-log/index'),('permisostotal','/user-management/user-visit-log/toggle-attribute'),('permisostotal','/user-management/user-visit-log/update'),('permisostotal','/user-management/user-visit-log/view'),('viewVisitLog','/user-management/user-visit-log/view'),('permisostotal','/user-management/user/*'),('Permisos_admin','/user-management/user/*'),('editUsers','/user-management/user/bulk-activate'),('permisostotal','/user-management/user/bulk-activate'),('editUsers','/user-management/user/bulk-deactivate'),('permisostotal','/user-management/user/bulk-deactivate'),('deleteUsers','/user-management/user/bulk-delete'),('permisostotal','/user-management/user/bulk-delete'),('changeUserPassword','/user-management/user/change-password'),('permisostotal','/user-management/user/change-password'),('createUsers','/user-management/user/create'),('permisostotal','/user-management/user/create'),('deleteUsers','/user-management/user/delete'),('permisostotal','/user-management/user/delete'),('permisostotal','/user-management/user/grid-page-size'),('viewUsers','/user-management/user/grid-page-size'),('permisostotal','/user-management/user/grid-sort'),('permisostotal','/user-management/user/index'),('viewUsers','/user-management/user/index'),('permisostotal','/user-management/user/toggle-attribute'),('editUsers','/user-management/user/update'),('permisostotal','/user-management/user/update'),('permisostotal','/user-management/user/view'),('viewUsers','/user-management/user/view'),('permisostotal','/usuario/*'),('permisostotal','/usuario/create'),('Permisos_admin','/usuario/create'),('permisostotal','/usuario/delete'),('permisostotal','/usuario/index'),('Permisos_admin','/usuario/index'),('permisocliente','/usuario/update'),('permisostotal','/usuario/update'),('Permisos_admin','/usuario/update'),('permisostotal','/usuario/view'),('Permisos_admin','/usuario/view'),('permisostotal','/usudoc/*'),('permisostotal','/usudoc/create'),('permisostotal','/usudoc/delete'),('permisostotal','/usudoc/index'),('permisostotal','/usudoc/update'),('permisostotal','/usudoc/view'),('Admin','assignRolesToUsers'),('permisostotal','assignRolesToUsers'),('permisostotal','bindUserToIp'),('Admin','changeOwnPassword'),('permisostotal','changeOwnPassword'),('superadmin','changeOwnPassword'),('Admin','changeUserPassword'),('permisostotal','changeUserPassword'),('Admin','createUsers'),('permisostotal','createUsers'),('Admin','deleteUsers'),('permisostotal','deleteUsers'),('permisostotal','editUserEmail'),('Admin','editUsers'),('permisostotal','editUsers'),('Clientes','permisocliente'),('superadmin','permisostotal'),('Admin','Permisos_admin'),('Admin','permiso_dashboard'),('permisocliente','permiso_dashboard'),('permisostotal','permiso_dashboard'),('Permisos_admin','permiso_dashboard'),('superadmin','permiso_dashboard'),('permisostotal','viewRegistrationIp'),('editUserEmail','viewUserEmail'),('permisostotal','viewUserEmail'),('assignRolesToUsers','viewUserRoles'),('permisostotal','viewUserRoles'),('Permisos_admin','viewUserRoles'),('Admin','viewUsers'),('assignRolesToUsers','viewUsers'),('changeUserPassword','viewUsers'),('createUsers','viewUsers'),('deleteUsers','viewUsers'),('editUsers','viewUsers'),('permisostotal','viewUsers'),('Permisos_admin','viewUsers'),('permisostotal','viewVisitLog');
/*!40000 ALTER TABLE `auth_item_child` ENABLE KEYS */;
UNLOCK TABLES;

--
-- Table structure for table `auth_item_group`
--

DROP TABLE IF EXISTS `auth_item_group`;
/*!40101 SET @saved_cs_client     = @@character_set_client */;
/*!50503 SET character_set_client = utf8mb4 */;
CREATE TABLE `auth_item_group` (
  `code` varchar(64) NOT NULL,
  `name` varchar(255) NOT NULL,
  `created_at` int DEFAULT NULL,
  `updated_at` int DEFAULT NULL,
  PRIMARY KEY (`code`)
) ENGINE=InnoDB DEFAULT CHARSET=utf8mb3;
/*!40101 SET character_set_client = @saved_cs_client */;

--
-- Dumping data for table `auth_item_group`
--

LOCK TABLES `auth_item_group` WRITE;
/*!40000 ALTER TABLE `auth_item_group` DISABLE KEYS */;
INSERT INTO `auth_item_group` VALUES ('permisosahorro','Permisos_ahorro',1743666002,1743666002),('permisosclientes','Permisos clientes',1743663587,1743663587),('Permisosmovimientos','Permisos movimientos',1742422927,1743665172),('Permisos_superadmin','Permisos_superadmin',1743664718,1743664718),('userCommonPermissions','User common permission',1426062189,1426062189),('userManagement','User management',1426062189,1426062189);
/*!40000 ALTER TABLE `auth_item_group` ENABLE KEYS */;
UNLOCK TABLES;

--
-- Table structure for table `auth_rule`
--

DROP TABLE IF EXISTS `auth_rule`;
/*!40101 SET @saved_cs_client     = @@character_set_client */;
/*!50503 SET character_set_client = utf8mb4 */;
CREATE TABLE `auth_rule` (
  `name` varchar(64) NOT NULL,
  `data` text,
  `created_at` int DEFAULT NULL,
  `updated_at` int DEFAULT NULL,
  PRIMARY KEY (`name`)
) ENGINE=InnoDB DEFAULT CHARSET=utf8mb3;
/*!40101 SET character_set_client = @saved_cs_client */;

--
-- Dumping data for table `auth_rule`
--

LOCK TABLES `auth_rule` WRITE;
/*!40000 ALTER TABLE `auth_rule` DISABLE KEYS */;
/*!40000 ALTER TABLE `auth_rule` ENABLE KEYS */;
UNLOCK TABLES;

--
-- Table structure for table `banco`
--

DROP TABLE IF EXISTS `banco`;
/*!40101 SET @saved_cs_client     = @@character_set_client */;
/*!50503 SET character_set_client = utf8mb4 */;
CREATE TABLE `banco` (
  `ban_id` int NOT NULL AUTO_INCREMENT,
  `ban_nombre` varchar(45) NOT NULL,
  `ban_descripcion` varchar(100) NOT NULL,
  PRIMARY KEY (`ban_id`)
) ENGINE=InnoDB AUTO_INCREMENT=7 DEFAULT CHARSET=utf8mb4 COLLATE=utf8mb4_0900_ai_ci;
/*!40101 SET character_set_client = @saved_cs_client */;

--
-- Dumping data for table `banco`
--

LOCK TABLES `banco` WRITE;
/*!40000 ALTER TABLE `banco` DISABLE KEYS */;
INSERT INTO `banco` VALUES (1,'BBVA Bancomer','Banco comercial y de inversión.'),(2,'Santander','Banco comercial y de inversión.'),(3,'HSBC','Banco comercial y de inversión.'),(4,'Citybanamex','Banco comercial y de inversión.'),(5,'Banco Azteca','Banco de consumo y microfinanzas.'),(6,'Bancoppel','Banco de consumo y financiamiento al detalle.');
/*!40000 ALTER TABLE `banco` ENABLE KEYS */;
UNLOCK TABLES;

--
-- Table structure for table `carrera`
--

DROP TABLE IF EXISTS `carrera`;
/*!40101 SET @saved_cs_client     = @@character_set_client */;
/*!50503 SET character_set_client = utf8mb4 */;
CREATE TABLE `carrera` (
  `car_id` int NOT NULL AUTO_INCREMENT,
  `car_nombre` varchar(150) NOT NULL,
  `car_semestres` int NOT NULL,
  `car_clave` varchar(25) NOT NULL,
  `car_url` text NOT NULL,
  PRIMARY KEY (`car_id`)
) ENGINE=InnoDB AUTO_INCREMENT=20 DEFAULT CHARSET=utf8mb4 COLLATE=utf8mb4_0900_ai_ci;
/*!40101 SET character_set_client = @saved_cs_client */;

--
-- Dumping data for table `carrera`
--

LOCK TABLES `carrera` WRITE;
/*!40000 ALTER TABLE `carrera` DISABLE KEYS */;
INSERT INTO `carrera` VALUES (1,'Ingeniería Informática',9,'IINF-2010-220','img/carreras/1.png'),(2,'Ingeniería en Ciencias de Datos',9,'ICDA-2024-247','img/carreras/2.png'),(3,'Ingeniería en Sistemas Computacionales',9,'ISIC-2010-224','img/carreras/3.png'),(4,'Ingeniería en Tecnologías de la Información y Comunicaciones',9,'ITIC-2010-225','img/carreras/4.png'),(5,'Ingeniería Civil',9,'ICIV-2010-208','img/carreras/5.png'),(6,'Ingeniería Química',9,'IQUI-2005-299','img/carreras/6.png'),(7,'Ingeniería Petrolera',9,'IPET-2010-231','img/carreras/7.png'),(8,'Ingeniería Ambiental',9,'AMB-2004-286','img/carreras/8.png'),(9,'Ingeniería Industrial',9,'IND-2010-227','img/carreras/9.png'),(10,'Ingeniería Bioquimica',9,'IBQA-2005-288','img/carreras/10.png'),(11,'Licenciatura en Administración',9,'INTE-AFI-2018-01','img/carreras/11.png'),(12,'Ingeniería en Gestión Empresarial',9,'IGEE-PES-2017-01','img/carreras/12.png');
/*!40000 ALTER TABLE `carrera` ENABLE KEYS */;
UNLOCK TABLES;

--
-- Table structure for table `colonia`
--

DROP TABLE IF EXISTS `colonia`;
/*!40101 SET @saved_cs_client     = @@character_set_client */;
/*!50503 SET character_set_client = utf8mb4 */;
CREATE TABLE `colonia` (
  `col_id` int NOT NULL AUTO_INCREMENT,
  `col_nombre` varchar(100) NOT NULL,
  `col_ciudad` text NOT NULL,
  `col_fkmunicipio` int NOT NULL,
  `col_asentamiento` varchar(25) NOT NULL,
  `col_codigo_postal` varchar(10) NOT NULL,
  PRIMARY KEY (`col_id`),
  KEY `index_nombre` (`col_nombre`) USING BTREE,
  KEY `index_asentamiento` (`col_asentamiento`) USING BTREE,
  KEY `index_codigo_postal` (`col_codigo_postal`) USING BTREE,
  KEY `col_fkmunicipio_idx` (`col_fkmunicipio`),
  CONSTRAINT `col_fkmunicipio` FOREIGN KEY (`col_fkmunicipio`) REFERENCES `municipio` (`mun_id`)
) ENGINE=InnoDB AUTO_INCREMENT=1607710190 DEFAULT CHARSET=utf8mb4 COLLATE=utf8mb4_0900_ai_ci;
/*!40101 SET character_set_client = @saved_cs_client */;

--
-- Dumping data for table `colonia`
--

LOCK TABLES `colonia` WRITE;
/*!40000 ALTER TABLE `colonia` DISABLE KEYS */;
INSERT INTO `colonia` VALUES (270041,'Portal del Agua','Villahermosa',27004,'Fraccionamiento','86000'),(270042,'Villahermosa Centro','Villahermosa',27004,'Colonia','86000'),(270043,'Medellin y Pigua 1ra. Sección','Villahermosa',27004,'Colonia','86010'),(270044,'Triangulo Industrial','Villahermosa',27004,'Colonia','86010'),(270045,'Fideicomiso Ciudad Industrial','Villahermosa',27004,'Zona industrial','86010'),(270046,'Indeco Unidad','Villahermosa',27004,'Unidad habitacional','86017'),(270047,'La Pigua','Villahermosa',27004,'Fraccionamiento','86017'),(270048,'Jardines Del Sol','Villahermosa',27004,'Fraccionamiento','86017'),(270049,'Cosmos','Villahermosa',27004,'Fraccionamiento','86017'),(2700410,'Las Garzas','Villahermosa',27004,'Fraccionamiento','86017'),(2700411,'Infonavit','Villahermosa',27004,'Unidad habitacional','86018'),(2700412,'Roberto Madrazo Pintado Ciudad Industrial','Villahermosa',27004,'Colonia','86019'),(2700413,'Insurgentes','Villahermosa',27004,'Fraccionamiento','86019'),(2700414,'Villa de las Flores','Villahermosa',27004,'Fraccionamiento','86019'),(2700415,'Lagunas','Villahermosa',27004,'Fraccionamiento','86019'),(2700416,'Olmeca','Villahermosa',27004,'Fraccionamiento','86019'),(2700417,'Vicente Guerrero','Villahermosa',27004,'Colonia','86019'),(2700418,'Francisco Villa','Villahermosa',27004,'Fraccionamiento','86019'),(2700419,'Lagunas de San José','Villahermosa',27004,'Fraccionamiento','86019'),(2700420,'Privada de Lagunas del Maurel','Villahermosa',27004,'Fraccionamiento','86019'),(2700421,'El Recreo','Villahermosa',27004,'Colonia','86020'),(2700422,'Framboyanes','Villahermosa',27004,'Colonia','86020'),(2700423,'Universidad Autónoma de Tabasco','Villahermosa',27004,'Equipamiento','86025'),(2700424,'Privada Golondrinas','Villahermosa',27004,'Colonia','86026'),(2700425,'Villa de las Palmas','Villahermosa',27004,'Colonia','86026'),(2700426,'Valle Marino','Villahermosa',27004,'Fraccionamiento','86026'),(2700427,'Las Torres','Villahermosa',27004,'Colonia','86026'),(2700428,'Jardines de Villahermosa','Villahermosa',27004,'Colonia','86027'),(2700429,'José María Pino Suárez','Villahermosa',27004,'Colonia','86029'),(2700430,'Tierra Colorada','Villahermosa',27004,'Colonia','86029'),(2700431,'Bonanza','Villahermosa',27004,'Fraccionamiento','86030'),(2700432,'Heriberto Kehoe Vicent','Villahermosa',27004,'Fraccionamiento','86030'),(2700433,'Oropeza','Villahermosa',27004,'Fraccionamiento','86030'),(2700434,'Prados de Villahermosa','Villahermosa',27004,'Fraccionamiento','86030'),(2700435,'Residencial Los Ángeles','Villahermosa',27004,'Fraccionamiento','86030'),(2700436,'Residencial Flamingos','Villahermosa',27004,'Fraccionamiento','86030'),(2700437,'Nueva Imagen','Villahermosa',27004,'Unidad habitacional','86030'),(2700438,'Bosques de Villahermosa','Villahermosa',27004,'Fraccionamiento','86030'),(2700439,'Nances','Villahermosa',27004,'Fraccionamiento','86030'),(2700440,'Galaxia/tabasco 2000','Villahermosa',27004,'Colonia','86035'),(2700441,'Paseos Del Usumacinta','Villahermosa',27004,'Colonia','86035'),(2700442,'Galaxia','Villahermosa',27004,'Fraccionamiento','86035'),(2700443,'Villa de los Ríos','Villahermosa',27004,'Fraccionamiento','86035'),(2700444,'Real de Minas','Villahermosa',27004,'Fraccionamiento','86035'),(2700445,'Los Ríos','Villahermosa',27004,'Fraccionamiento','86035'),(2700446,'Multiochenta','Villahermosa',27004,'Fraccionamiento','86035'),(2700447,'Villas Del Campestre','Villahermosa',27004,'Fraccionamiento','86035'),(2700448,'Club de Lago','Villahermosa',27004,'Fraccionamiento','86035'),(2700449,'Real de Tabasco','Villahermosa',27004,'Colonia','86035'),(2700450,'La Gran Villa','Villahermosa',27004,'Fraccionamiento','86035'),(2700451,'Club Campestre','Villahermosa',27004,'Fraccionamiento','86037'),(2700452,'Parque Tabasco','Villahermosa',27004,'Colonia','86037'),(2700453,'La Choca','Villahermosa',27004,'Fraccionamiento','86037'),(2700454,'Carrizal','Villahermosa',27004,'Fraccionamiento','86038'),(2700455,'Las Giraldas','Villahermosa',27004,'Fraccionamiento','86038'),(2700456,'Las Torres','Villahermosa',27004,'Fraccionamiento','86039'),(2700457,'Adolfo Lopez Mateos','Villahermosa',27004,'Colonia','86040'),(2700458,'Florida','Villahermosa',27004,'Colonia','86040'),(2700459,'Jesús Garcia','Villahermosa',27004,'Colonia','86040'),(2700460,'Lago Ilusiones','Villahermosa',27004,'Colonia','86040'),(2700461,'Lidia Esther Mónica de Portilla','Villahermosa',27004,'Colonia','86040'),(2700462,'Magisterial','Villahermosa',27004,'Colonia','86040'),(2700463,'Villahermosa (Cap. P. A. Carlos Rovirosa)','Villahermosa',27004,'Aeropuerto','86049'),(2700464,'Jose N Rovirosa','Villahermosa',27004,'Colonia','86050'),(2700465,'Lindavista','Villahermosa',27004,'Colonia','86050'),(2700466,'Loma Bonita','Villahermosa',27004,'Colonia','86050'),(2700467,'Loma Linda','Villahermosa',27004,'Colonia','86050'),(2700468,'Militar','Villahermosa',27004,'Fraccionamiento','86050'),(2700469,'Residencial Paseo de las Palmas','Villahermosa',27004,'Fraccionamiento','86050'),(2700470,'Álvaro Obregón','Villahermosa',27004,'Fraccionamiento','86050'),(2700471,'Periodista','Villahermosa',27004,'Colonia','86059'),(2700472,'Casa Blanca 1a Sección','Villahermosa',27004,'Colonia','86060'),(2700473,'Brisas Del Grijalva','Villahermosa',27004,'Fraccionamiento','86060'),(2700474,'Fovissste Casa Blanca','Villahermosa',27004,'Condominio','86060'),(2700475,'Casa Blanca 2a Sección','Villahermosa',27004,'Colonia','86060'),(2700476,'Gaviotas Norte Sector Popular','Villahermosa',27004,'Colonia','86067'),(2700477,'Gaviotas Norte','Villahermosa',27004,'Colonia','86068'),(2700478,'La Manga II','Villahermosa',27004,'Colonia','86068'),(2700479,'La Manga III','Villahermosa',27004,'Colonia','86068'),(2700480,'Cedros','Villahermosa',27004,'Fraccionamiento','86068'),(2700481,'La Manga I','Villahermosa',27004,'Colonia','86069'),(2700482,'Nueva Villahermosa','Villahermosa',27004,'Colonia','86070'),(2700483,'Arboledas','Villahermosa',27004,'Conjunto habitacional','86079'),(2700484,'Gil y Sáenz (El Águila)','Villahermosa',27004,'Colonia','86080'),(2700485,'Reforma','Villahermosa',27004,'Colonia','86080'),(2700486,'Secretaria de La Defensa Nacional','Villahermosa',27004,'Equipamiento','86087'),(2700487,'Guayabal','Villahermosa',27004,'Colonia','86090'),(2700488,'Gaviotas Sur Sección San Jose','Villahermosa',27004,'Colonia','86090'),(2700489,'Municipal','Villahermosa',27004,'Colonia','86090'),(2700490,'Gaviotas Norte Sector Explanada','Villahermosa',27004,'Colonia','86090'),(2700491,'Las Brisas','Villahermosa',27004,'Colonia','86095'),(2700492,'El Parque','Villahermosa',27004,'Colonia','86096'),(2700493,'Los Tulipanes','Villahermosa',27004,'Fraccionamiento','86097'),(2700494,'Mayito','Villahermosa',27004,'Colonia','86098'),(2700495,'Gaviotas Sur Sector Armenia','Villahermosa',27004,'Colonia','86099'),(2700496,'Triunfo La Manga 2','Villahermosa',27004,'Unidad habitacional','86099'),(2700497,'Triunfo La Manga 3','Villahermosa',27004,'Fraccionamiento','86099'),(2700498,'Gaviotas Sur (El Monal)','Villahermosa',27004,'Colonia','86099'),(2700499,'Triunfo la Manga I','Villahermosa',27004,'Colonia','86099'),(27002835,'San Rafael','',27002,'Ejido','86460'),(27002836,'Pedro Sánchez Magallanes','',27002,'Ejido','86460'),(27002837,'Cuauhtemoczín','',27002,'Ejido','86460'),(27002838,'El Barí 1ra. Sección','',27002,'Colonia','86460'),(27002839,'El Barí 2da. Sección','',27002,'Ejido','86460'),(27002840,'Ojoshal','',27002,'Ejido','86460'),(27002841,'Coronel Andrés Sánchez Magallanes','',27002,'Pueblo','86460'),(27002842,'Paylebot','',27002,'Ranchería','86460'),(27002843,'El Yucateco (Paylebot 2da. Sección)','',27002,'Ranchería','86460'),(27002844,'Tomás Brito Lara','',27002,'Colonia','86460'),(27002845,'Ley Federal de la Reforma Agraria (San Ramón)','',27002,'Ejido','86460'),(27002846,'El Campo','',27002,'Colonia','86461'),(27002847,'Chicozapote 1ra. Sección','',27002,'Ranchería','86461'),(27002848,'Chicozapote 2da. Sección (El Retiro)','',27002,'Ranchería','86461'),(27002849,'Benito Juárez (Campo Magallanes)','',27002,'Pueblo','86461'),(27002850,'La Trinidad','',27002,'Ranchería','86461'),(27002851,'El Alacrán (Manatinero)','',27002,'Ejido','86464'),(27002852,'Sinaloa 1ra. Sección','',27002,'Ejido','86464'),(27002853,'El Alacrán','',27002,'Ranchería','86464'),(27002854,'Ignacio Zaragoza','',27002,'Ranchería','86465'),(27002855,'Las Calzadas','',27002,'Ranchería','86465'),(27002856,'Las Limas','',27002,'Ranchería','86465'),(27002857,'Las Flores (La Palma)','',27002,'Ranchería','86465'),(27002858,'Campo Nuevo','',27002,'Ejido','86465'),(27002859,'El Capricho','',27002,'Ranchería','86465'),(27002860,'Ignacio Gutiérrez Gómez (San Felipe)','',27002,'Pueblo','86465'),(27002861,'Buenavista 1ra. Sección','',27002,'Ranchería','86465'),(27002862,'El Porvenir','',27002,'Ranchería','86465'),(27002863,'El Bronce','',27002,'Ranchería','86465'),(27002864,'Poblado C-23 General Venustiano Carranza','',27002,'Pueblo','86466'),(27002865,'El Chocho (Boca del Río)','',27002,'Ranchería','86467'),(27002866,'Islas Encantadas 1ra. Sección (El Zapote)','',27002,'Ranchería','86467'),(27002867,'Río Seco 2da. Sección A','',27002,'Ejido','86470'),(27002868,'Santana 1ra. Sección A','',27002,'Ranchería','86470'),(27002869,'Santana 2da. Sección A','',27002,'Ranchería','86470'),(27002870,'Santana 2da. Sección B (La Palma)','',27002,'Ranchería','86470'),(27002871,'Santana 3ra. Sección A (El Filero)','',27002,'Ranchería','86470'),(27002872,'Julián Montejo Velázquez','',27002,'Ejido','86471'),(27002873,'El Golpe','',27002,'Ranchería','86471'),(27002874,'El Mingo','',27002,'Ranchería','86471'),(27002875,'Poza Redonda 1ra. Sección','',27002,'Ranchería','86471'),(27002876,'Poza Redonda 2da. Sección','',27002,'Ejido','86471'),(27002877,'Santuario 3ra. Sección (Piedras Negras)','',27002,'Ranchería','86471'),(27002878,'Santuario 1ra. Sección','',27002,'Ranchería','86471'),(27002879,'Santuario 2da. Sección','',27002,'Ranchería','86471'),(27002880,'Poza Redonda 3ra. Sección','',27002,'Ranchería','86471'),(27002881,'Poblado C-09 Licenciado Francisco I. Madero','',27002,'Pueblo','86473'),(27002882,'Santana 4ta. Sección','',27002,'Ranchería','86473'),(27002883,'Tío Moncho','',27002,'Ejido','86474'),(27002884,'Francisco Trujillo Gurría','',27002,'Ejido','86474'),(27002885,'Las Coloradas 1ra. Sección','',27002,'Ranchería','86474'),(27002886,'Las Coloradas 2da. Sección B','',27002,'Ejido','86474'),(27002887,'Las Coloradas 2da. Sección (Ampliación las Aldeas)','',27002,'Ejido','86474'),(27002888,'Encrucijada 3ra. Sección (Las Calzadas)','',27002,'Pueblo','86475'),(27002889,'Azucena 1ra. Sección','',27002,'Ejido','86475'),(27002890,'Naranjeño 1ra. Sección (Colonia la Fe)','',27002,'Ejido','86475'),(27002891,'Encrucijada 1ra. Sección Rincón Brujo','',27002,'Ranchería','86475'),(27002892,'Azucena 4ta. Sección (Torno Alegre)','',27002,'Ranchería','86475'),(27002893,'Encrucijada 5ta. Sección','',27002,'Ranchería','86475'),(27002894,'Encrucijada 4ta. Sección B (La Lucha)','',27002,'Ejido','86475'),(27002895,'Azucena 5ta. Sección (El Apompal)','',27002,'Ranchería','86475'),(27002896,'Azucena 6ta. Sección','',27002,'Ejido','86475'),(27002897,'Santuario 4ta. Sección','',27002,'Ranchería','86475'),(27002898,'Poblado C-10 General Lázaro Cárdenas del Río','',27002,'Pueblo','86476'),(27002899,'Azucena 2a Secc','',27002,'Ranchería','86477'),(27002900,'Naranjeño 3ra. Sección','',27002,'Ejido','86477'),(27002901,'Azucena 3ra. Sección (El Triunfo)','',27002,'Ejido','86477'),(27002902,'El Jobo (Punta Brava)','',27002,'Ranchería','86478'),(27002903,'Poblado C-11 José María Morelos y Pavón','',27002,'Pueblo','86478'),(27002904,'Nueva Esperanza','',27002,'Ejido','86478'),(27002905,'Naranjeño 2da. Sección A','',27002,'Ejido','86478'),(27002906,'Poblado C-14 General Plutarco Elías Calles','',27002,'Pueblo','86478'),(27002907,'Poblado C-22 Licenciado José María Pino Suárez','',27002,'Pueblo','86480'),(27002908,'Poblado C-21 Licenciado Benito Juárez García','',27002,'Pueblo','86483'),(27002909,'Poblado C-15 Adolfo López Mateos','',27002,'Pueblo','86483'),(27002910,'Poblado C-16 General Emiliano Zapata','',27002,'Pueblo','86484'),(27002911,'Poblado C-20 Miguel Hidalgo y Costilla','',27002,'Pueblo','86484'),(27002912,'Ingenio Presidente Benito Juárez','',27002,'Colonia','86485'),(27002913,'Poblado C-28 Coronel Gregorio Méndez Magaña','',27002,'Pueblo','86485'),(27002914,'Poblado C-27 Ingeniero Eduardo Chávez Ramírez','',27002,'Pueblo','86485'),(27002915,'Las Nuevas Esperanzas','',27002,'Ejido','86486'),(27002916,'Las Esperanzas','',27002,'Ranchería','86486'),(27002917,'Juan Escutia','',27002,'Ranchería','86486'),(27002918,'Poblado C-33 20 de Noviembre','',27002,'Pueblo','86486'),(27002919,'Luis Donaldo Colosio Murrieta','',27002,'Colonia','86490'),(27002920,'Celia González de Rovirosa','',27002,'Colonia','86490'),(27002921,'El Carmen','',27002,'Ejido','86490'),(27002922,'El Carrizal','',27002,'Ejido','86490'),(27002923,'Miguel Hidalgo 2a Secc','',27002,'Colonia','86490'),(27002924,'Río Seco 1ra. Sección','',27002,'Ranchería','86490'),(27002925,'Santa Rosalía','',27002,'Colonia','86490'),(27002926,'Río Seco 2da. Sección C','',27002,'Ranchería','86490'),(27002927,'Miguel Hidalgo 1ra. Sección','',27002,'Ranchería','86490'),(27002928,'Zapotal 1ra. Sección','',27002,'Ranchería','86490'),(27002929,'Santa Maria de Guadalupe','',27002,'Colonia','86490'),(27002930,'De los Santos','',27002,'Colonia','86490'),(27002931,'Rubén Jaramillo Lazo','',27002,'Ejido','86490'),(27002932,'Villa San Miguel','',27002,'Colonia','86490'),(27002933,'Poblado C-17 Independencia','',27002,'Pueblo','86493'),(27002934,'Santana 5ta. Sección (El Espino)','',27002,'Ranchería','86493'),(27002935,'Zapotal 2da. Sección','',27002,'Ejido','86493'),(27002936,'Poblado C-29 General Vicente Guerrero','',27002,'Pueblo','86493'),(27002937,'Zapotal 3ra. Sección','',27002,'Ejido','86493'),(27002938,'Miguel Hidalgo Zapotal 2da. Sección','',27002,'Ranchería','86493'),(27002939,'Arroyo Hondo (San Rosendo)','',27002,'Ranchería','86495'),(27002940,'Santa Isidra','',27002,'Colonia','86495'),(27002941,'Arroyo Hondo 2da. Sección Santa Teresa B','',27002,'Ranchería','86495'),(27002942,'Arroyo Hondo 1ra. Sección (Santa Teresa A)','',27002,'Ranchería','86495'),(27002943,'El Parnaso','',27002,'Colonia','86495'),(27002944,'Cárdenas Centro','Cárdenas',27002,'Colonia','86500'),(27002945,'El Gringo','Cárdenas',27002,'Colonia','86500'),(27002946,'Alameda','Cárdenas',27002,'Colonia','86520'),(27002947,'Melchor Ocampo 2a Secc','Cárdenas',27002,'Colonia','86520'),(27002948,'Los Cañales','Cárdenas',27002,'Fraccionamiento','86523'),(27002949,'Río Seco','Cárdenas',27002,'Colonia','86524'),(27002950,'El Suspiro','Cárdenas',27002,'Colonia','86527'),(27002951,'Santa Rita Infonavit','Cárdenas',27002,'Colonia','86528'),(27002952,'Nuevo Progreso','Cárdenas',27002,'Colonia','86529'),(27002953,'Carlos Pellicer Camara','Cárdenas',27002,'Colonia','86530'),(27002954,'Bajío Loma Bonita Infonavit','Cárdenas',27002,'Colonia','86530'),(27002955,'Sahop','Cárdenas',27002,'Colonia','86530'),(27002956,'Infonavit Loma Bonita','Cárdenas',27002,'Colonia','86530'),(27002957,'El Toloque','Cárdenas',27002,'Colonia','86533'),(27002958,'Tabscoob','Cárdenas',27002,'Fraccionamiento','86534'),(27002959,'Vereda','Cárdenas',27002,'Colonia','86534'),(27002960,'Guadalupe','Cárdenas',27002,'Colonia','86535'),(27002961,'San Antonio','Cárdenas',27002,'Colonia','86540'),(27002962,'Puerto Rico','Cárdenas',27002,'Fraccionamiento','86540'),(27002963,'Los Morales','Cárdenas',27002,'Fraccionamiento','86540'),(27002964,'Calzada','Cárdenas',27002,'Colonia','86540'),(27002965,'Calzada 1ra. Sección Norte A','Cárdenas',27002,'Ranchería','86543'),(27002966,'Carlos Alberto Wilson Gómez','Cárdenas',27002,'Colonia','86544'),(27002967,'Cárdenas','',27002,'Ejido','86544'),(27002968,'Melchor Ocampo','',27002,'Colonia','86545'),(27002969,'Roger Falconi Vera','Cárdenas',27002,'Colonia','86545'),(27002970,'Nueva Esperanza','Cárdenas',27002,'Colonia','86545'),(27002971,'Agua Sol','Cárdenas',27002,'Colonia','86545'),(27002972,'La Alianza','Cárdenas',27002,'Ejido','86546'),(27002973,'Cárdenas 2da. Sección','Cárdenas',27002,'Ejido','86546'),(27002974,'5 de Mayo','Cárdenas',27002,'Ejido','86547'),(27002975,'La Esperanza','Cárdenas',27002,'Ranchería','86547'),(27002976,'Calzada 2da. Sección','Cárdenas',27002,'Ranchería','86547'),(27002977,'Empleados Del Csat','Cárdenas',27002,'Colonia','86550'),(27002978,'Sarh','Cárdenas',27002,'Campamento','86550'),(27002979,'Ceiba','Cárdenas',27002,'Colonia','86550'),(27002980,'7 de Octubre','Cárdenas',27002,'Colonia','86550'),(27002981,'Deportiva Infonavit','Cárdenas',27002,'Unidad habitacional','86553'),(27002982,'Jacinto Lopez','Cárdenas',27002,'Colonia','86553'),(27002983,'Santa María Periférico','Cárdenas',27002,'Colonia','86553'),(27002984,'Los Jiménez','Cárdenas',27002,'Colonia','86554'),(27002985,'Sección 10 de Azucareros','Cárdenas',27002,'Colonia','86555'),(27002986,'Nueva Zelandia (El Ingenio)','Cárdenas',27002,'Ranchería','86555'),(27002987,'La Península','Cárdenas',27002,'Ejido','86556'),(27002988,'Benito Juárez (La Playita)','Cárdenas',27002,'Colonia','86556'),(27002989,'Paso y Playa','Cárdenas',27002,'Ranchería','86556'),(27002990,'Pueblo Nuevo','Cárdenas',27002,'Colonia','86560'),(27002991,'El Palmar','Cárdenas',27002,'Colonia','86564'),(27002992,'Los Reyes Loma Alta','Cárdenas',27002,'Fraccionamiento','86570'),(27002993,'Santa Catalina','Cárdenas',27002,'Colonia','86573'),(27002994,'Emiliano Zapata','Cárdenas',27002,'Colonia','86573'),(27002995,'Santa Cruz','Cárdenas',27002,'Colonia','86574'),(27002996,'Villa Esmeralda','Cárdenas',27002,'Fraccionamiento','86574'),(27002997,'San Pedro de los Cedros','Cárdenas',27002,'Fraccionamiento','86574'),(27002998,'El Encanto','Cárdenas',27002,'Fraccionamiento','86576'),(27002999,'Arroyo Hondo Abejonal','Cárdenas',27002,'Ranchería','86577'),(27004100,'Atasta','Villahermosa',27004,'Colonia','86100'),(27004101,'Jose Colomo','Villahermosa',27004,'Colonia','86100'),(27004102,'Residencial Bugambilias','Villahermosa',27004,'Fraccionamiento','86100'),(27004103,'Macuilis','Villahermosa',27004,'Fraccionamiento','86100'),(27004104,'Privada Alcatraces','Villahermosa',27004,'Fraccionamiento','86100'),(27004105,'Residencial Villas del Sol','Villahermosa',27004,'Fraccionamiento','86100'),(27004106,'Brisa del Usumacinta','Villahermosa',27004,'Fraccionamiento','86100'),(27004107,'Aurora','Villahermosa',27004,'Fraccionamiento','86107'),(27004108,'Tucanes las Quintas','Villahermosa',27004,'Fraccionamiento','86107'),(27004109,'Los Pinos','Villahermosa',27004,'Colonia','86108'),(27004110,'El Espejo 1','Villahermosa',27004,'Colonia','86108'),(27004111,'Residencial San Ángel','Villahermosa',27004,'Fraccionamiento','86108'),(27004112,'Virginia','Villahermosa',27004,'Fraccionamiento','86108'),(27004113,'Conjunto Habitacional Los Álamos','Villahermosa',27004,'Fraccionamiento','86108'),(27004114,'Villa de los Trabajadores','Villahermosa',27004,'Colonia','86108'),(27004115,'Carrizal','Villahermosa',27004,'Colonia','86108'),(27004116,'Real Usumacinta','Villahermosa',27004,'Fraccionamiento','86108'),(27004117,'El Espejo 2','Villahermosa',27004,'Colonia','86109'),(27004118,'La Joya','Villahermosa',27004,'Fraccionamiento','86109'),(27004119,'Villas Del Bosque','Villahermosa',27004,'Fraccionamiento','86109'),(27004120,'Guadalupe Borja','Villahermosa',27004,'Colonia','86120'),(27004121,'Jose Pages Llergo','Villahermosa',27004,'Colonia','86125'),(27004122,'Nueva Invitab','Villahermosa',27004,'Fraccionamiento','86126'),(27004123,'Carlos A Madrazo','Villahermosa',27004,'Fraccionamiento','86126'),(27004124,'Islas Del Mundo','Villahermosa',27004,'Fraccionamiento','86126'),(27004125,'Santa Elena','Villahermosa',27004,'Fraccionamiento','86126'),(27004126,'Benito Juárez','Villahermosa',27004,'Fraccionamiento','86126'),(27004127,'Villa las Torres','Villahermosa',27004,'Fraccionamiento','86126'),(27004128,'Hacienda Buena Vista','Villahermosa',27004,'Fraccionamiento','86126'),(27004129,'Joyas de Buena Vista','Villahermosa',27004,'Fraccionamiento','86126'),(27004130,'Lomas de Bella Vista','Villahermosa',27004,'Fraccionamiento','86126'),(27004131,'Manuel Andrade Díaz','Villahermosa',27004,'Fraccionamiento','86126'),(27004132,'Estrellas de Buenavista','Villahermosa',27004,'Fraccionamiento','86127'),(27004133,'Residencial del Río','',27004,'Fraccionamiento','86127'),(27004134,'San Miguel','Villahermosa',27004,'Fraccionamiento','86127'),(27004135,'Los Sauces Residencial','Villahermosa',27004,'Fraccionamiento','86127'),(27004136,'Miguel Hidalgo 2da. Sección (La Guaira)','Villahermosa',27004,'Ranchería','86127'),(27004137,'Río Viejo 1a Sección','Villahermosa',27004,'Pueblo','86127'),(27004138,'Rio Viejo 2a Sección','Villahermosa',27004,'Ranchería','86127'),(27004139,'Rio Viejo 3a Sección','Villahermosa',27004,'Ranchería','86127'),(27004140,'Miguel Hidalgo','Villahermosa',27004,'Colonia','86127'),(27004141,'Olimpo','Villahermosa',27004,'Fraccionamiento','86127'),(27004142,'Residencial Río Viejo','Villahermosa',27004,'Fraccionamiento','86127'),(27004143,'La Ceiba','Villahermosa',27004,'Fraccionamiento','86127'),(27004144,'Chichicaste','Villahermosa',27004,'Fraccionamiento','86127'),(27004145,'Real del Valle','Villahermosa',27004,'Fraccionamiento','86127'),(27004146,'Jardines de Buenavista','Villahermosa',27004,'Fraccionamiento','86127'),(27004147,'Bonampak','Villahermosa',27004,'Fraccionamiento','86127'),(27004148,'Cotip','Villahermosa',27004,'Colonia','86129'),(27004149,'Artesanos Infonavit','Villahermosa',27004,'Unidad habitacional','86130'),(27004150,'Villa de los Arcos','Villahermosa',27004,'Colonia','86130'),(27004151,'Palmitas','Villahermosa',27004,'Unidad habitacional','86130'),(27004152,'Vista Alegre','Villahermosa',27004,'Fraccionamiento','86137'),(27004153,'18 de Marzo','Villahermosa',27004,'Colonia','86140'),(27004154,'Las Delicias','Villahermosa',27004,'Colonia','86140'),(27004155,'Conjunto Habitacional Revolución','Villahermosa',27004,'Fraccionamiento','86140'),(27004156,'Privanza del Campo','Villahermosa',27004,'Fraccionamiento','86143'),(27004157,'Santa Teresa','Villahermosa',27004,'Fraccionamiento','86143'),(27004158,'Carlos A Madrazo','Villahermosa',27004,'Pueblo','86143'),(27004159,'Ixtacomitán 1ra. Sección','Villahermosa',27004,'Ranchería','86143'),(27004160,'América','Villahermosa',27004,'Fraccionamiento','86143'),(27004161,'Palma Real','Villahermosa',27004,'Fraccionamiento','86143'),(27004162,'Privada La Mandarina','Villahermosa',27004,'Fraccionamiento','86143'),(27004163,'Ángeles Ixtacomitan','Villahermosa',27004,'Fraccionamiento','86143'),(27004164,'Los Mezquites','Villahermosa',27004,'Fraccionamiento','86143'),(27004165,'Ónix','',27004,'Fraccionamiento','86144'),(27004166,'Cumbres','Villahermosa',27004,'Fraccionamiento','86144'),(27004167,'Ixtacomitan 4a Sección','Villahermosa',27004,'Ranchería','86144'),(27004168,'Ixtacomitán 2a. Sección','Villahermosa',27004,'Ranchería','86144'),(27004169,'Las Huertas','Villahermosa',27004,'Fraccionamiento','86144'),(27004170,'Hacienda Esmeralda','Villahermosa',27004,'Fraccionamiento','86144'),(27004171,'Las Lomas','Villahermosa',27004,'Fraccionamiento','86144'),(27004172,'Nueva Pensiones','Villahermosa',27004,'Colonia','86149'),(27004173,'Punta Brava','Villahermosa',27004,'Colonia','86150'),(27004174,'Tamulte de las Barrancas','Villahermosa',27004,'Colonia','86150'),(27004175,'Jardines Del Sur I y II','Villahermosa',27004,'Fraccionamiento','86150'),(27004176,'Santa Karla II','Villahermosa',27004,'Fraccionamiento','86150'),(27004177,'Sabina','Villahermosa',27004,'Colonia','86153'),(27004178,'Popular Pedro C Colorado','Villahermosa',27004,'Fraccionamiento','86153'),(27004179,'Lomas Del Dorado','Villahermosa',27004,'Fraccionamiento','86153'),(27004180,'Real del Angel','Villahermosa',27004,'Fraccionamiento','86153'),(27004181,'Ixtacomitan 3a Sección','Villahermosa',27004,'Ranchería','86153'),(27004182,'El Edén','Villahermosa',27004,'Fraccionamiento','86153'),(27004183,'Real de Sabina','Villahermosa',27004,'Colonia','86153'),(27004184,'Paso Real','Villahermosa',27004,'Fraccionamiento','86153'),(27004185,'Real de San Jorge','Villahermosa',27004,'Fraccionamiento','86153'),(27004186,'San Jorge III','Villahermosa',27004,'Fraccionamiento','86153'),(27004187,'Edén Premier','Villahermosa',27004,'Fraccionamiento','86153'),(27004188,'San José','Villahermosa',27004,'Fraccionamiento','86153'),(27004189,'Del Bosque','Villahermosa',27004,'Colonia','86160'),(27004190,'Sanchez Magallanes','Villahermosa',27004,'Colonia','86160'),(27004191,'Villa las Fuentes','Villahermosa',27004,'Colonia','86167'),(27004192,'Pino Suárez','Villahermosa',27004,'Colonia','86168'),(27004193,'Pensiones','Villahermosa',27004,'Colonia','86169'),(27004194,'Fovissste 2a Etapa','Villahermosa',27004,'Unidad habitacional','86170'),(27004195,'Loma Diamante','Villahermosa',27004,'Fraccionamiento','86170'),(27004196,'Militar','Villahermosa',27004,'Fraccionamiento','86170'),(27004197,'Real Del Sur','Villahermosa',27004,'Fraccionamiento','86170'),(27004198,'Plutarco Elías Calles (Cura Hueso)','Villahermosa',27004,'Colonia','86170'),(27004199,'Plaza Jardín','Villahermosa',27004,'Fraccionamiento','86170'),(27004200,'La Gloria','Villahermosa',27004,'Fraccionamiento','86170'),(27004201,'Blancas Mariposas','Villahermosa',27004,'Fraccionamiento','86170'),(27004202,'Residencial Los Robles','Villahermosa',27004,'Fraccionamiento','86170'),(27004203,'Loma Real','Villahermosa',27004,'Fraccionamiento','86170'),(27004204,'Plaza Villahermosa','Villahermosa',27004,'Fraccionamiento','86179'),(27004205,'Fovissste 1a Etapa','Villahermosa',27004,'Unidad habitacional','86180'),(27004206,'Guadalupe','Villahermosa',27004,'Fraccionamiento','86180'),(27004207,'La Ceiba','Villahermosa',27004,'Fraccionamiento','86180'),(27004208,'Orquidea','Villahermosa',27004,'Fraccionamiento','86180'),(27004209,'Deportiva Residencial','Villahermosa',27004,'Fraccionamiento','86189'),(27004210,'Residencial Esmeralda','Villahermosa',27004,'Fraccionamiento','86190'),(27004211,'Marcos Buendia','Villahermosa',27004,'Fraccionamiento','86190'),(27004212,'Primero de Mayo','Villahermosa',27004,'Colonia','86190'),(27004213,'España','Villahermosa',27004,'Fraccionamiento','86190'),(27004214,'Palmeira','Villahermosa',27004,'Fraccionamiento','86190'),(27004215,'La Providencia (La Majahua)','Villahermosa',27004,'Colonia','86193'),(27004358,'Buena Vista 2da. Sección','',27004,'Ranchería','86250'),(27004359,'Macultepec','',27004,'Pueblo','86250'),(27004360,'Tamulté de las Sabanas','',27004,'Pueblo','86250'),(27004361,'Tocoal','',27004,'Ranchería','86250'),(27004362,'Reforma','',27004,'Colonia','86250'),(27004363,'El Novillo','',27004,'Ranchería','86250'),(27004364,'Santa Isabel','',27004,'Colonia','86250'),(27004365,'Conjunto Habitacional Tercer Milenio','',27004,'Fraccionamiento','86250'),(27004366,'Estancia','',27004,'Ranchería','86253'),(27004367,'El Alambrado','',27004,'Ranchería','86253'),(27004368,'Torno Largo Estancia (El Manguito)','',27004,'Ranchería','86253'),(27004369,'Aniceto','',27004,'Ranchería','86253'),(27004370,'La Loma','',27004,'Ranchería','86253'),(27004371,'García','',27004,'Ranchería','86254'),(27004372,'Miramar','',27004,'Ranchería','86254'),(27004373,'Rovirosa','',27004,'Ranchería','86254'),(27004374,'La Manga','',27004,'Ranchería','86254'),(27004375,'La Ceiba','',27004,'Ranchería','86254'),(27004376,'Buena Vista 1a Sección','',27004,'Ranchería','86254'),(27004377,'Acachapan y Colmena 4ta. Sección','',27004,'Ranchería','86255'),(27004378,'Acachapan y Colmena 5a Sección','',27004,'Ranchería','86255'),(27004379,'Buena Vista 3a Sección (Boca de Escoba)','',27004,'Ranchería','86255'),(27004380,'Aztlán 4ta. Sección (Corcho y Chilapilla)','',27004,'Ranchería','86256'),(27004381,'La Arena','',27004,'Pueblo','86257'),(27004382,'Aztlán 5ta. Sección (Palomillal)','',27004,'Ranchería','86257'),(27004383,'El Espino','',27004,'Pueblo','86258'),(27004384,'Torno Largo 1ra. Sección','',27004,'Ranchería','86260'),(27004385,'Gaviotas Sur (El Cedral)','',27004,'Ranchería','86260'),(27004386,'Gaviotas Sur (El Chiflón)','',27004,'Ranchería','86260'),(27004387,'Torno Largo 2da. Sección','',27004,'Ranchería','86260'),(27004388,'Torno Largo 3ra. Sección (Sabanilla)','',27004,'Ranchería','86260'),(27004389,'Coronel Traconis 2da. Sección (El Zapote)','',27004,'Ranchería','86265'),(27004390,'Coronel Traconis (Guerrero 3ra. Sección)','',27004,'Ranchería','86265'),(27004391,'Coronel Traconis (San Francisco 4ta. Sección)','',27004,'Ranchería','86265'),(27004392,'Coronel Traconis (San Diego 5ta. Sección)','',27004,'Ranchería','86265'),(27004393,'Miraflores 2da. Sección (Zapotillo)','',27004,'Ranchería','86265'),(27004394,'Miraflores 1ra. Sección','',27004,'Ranchería','86265'),(27004395,'Coronel Traconis 1ra Sección (La Isla)','',27004,'Ranchería','86265'),(27004396,'Ribera de las Raíces','',27004,'Ranchería','86266'),(27004397,'El Censo','',27004,'Ranchería','86266'),(27004398,'Las Raíces','',27004,'Ranchería','86266'),(27004399,'Tierra Amarilla 3ra Sección','',27004,'Ranchería','86270'),(27004400,'Jolochero 2da. Sección','',27004,'Ranchería','86270'),(27004401,'Medellin y Madero 2a Secc','',27004,'Ranchería','86270'),(27004402,'Ocuiltzapotlán','',27004,'Pueblo','86270'),(27004403,'Tierra Amarilla 1ra. Sección','',27004,'Ranchería','86270'),(27004404,'Lomas del Encanto','',27004,'Fraccionamiento','86270'),(27004405,'Isset','',27004,'Fraccionamiento','86270'),(27004406,'Ocuitzapotlán Dos','',27004,'Fraccionamiento','86270'),(27004407,'Las Rosas','',27004,'Fraccionamiento','86270'),(27004408,'Lomas de Ocuiltzapotlan','',27004,'Fraccionamiento','86270'),(27004409,'Paso Real de La Victoria','',27004,'Ranchería','86270'),(27004410,'Los Angeles','',27004,'Fraccionamiento','86270'),(27004411,'Villa Unión','',27004,'Ranchería','86270'),(27004412,'La Ceiba','',27004,'Fraccionamiento','86270'),(27004413,'Carlos Pellicer Camara','',27004,'Fraccionamiento','86270'),(27004414,'Tierra Amarilla 2da Sección','',27004,'Ranchería','86270'),(27004415,'Jolochero (Boca de Culebra)','',27004,'Ranchería','86270'),(27004416,'Medellín y Madero 1a Secc','',27004,'Ranchería','86270'),(27004417,'Medellín y Madero 3a Secc','',27004,'Ranchería','86270'),(27004418,'Medellín y Madero 4ta. Sección','',27004,'Ranchería','86270'),(27004419,'Colinas de Santo Domingo','',27004,'Fraccionamiento','86270'),(27004420,'Real de Diamante','',27004,'Fraccionamiento','86270'),(27004421,'Barrancas y Amate 3ra. Sección','',27004,'Ranchería','86273'),(27004422,'Miraflores 3ra. Sección','',27004,'Ranchería','86273'),(27004423,'El Corozal','',27004,'Ranchería','86273'),(27004424,'Barrancas y Amate 2da. Sección','',27004,'Ranchería','86273'),(27004425,'Miraflores 1ra. Sección (Arroyo Grande)','',27004,'Ranchería','86273'),(27004426,'Miraflores 2da. Sección','',27004,'Ranchería','86273'),(27004427,'Sabanas Nuevas','',27004,'Ranchería','86274'),(27004428,'Ismate y Chilapilla 1ra. Sección','',27004,'Ranchería','86274'),(27004429,'Chiquiguao 1ra. Sección','',27004,'Ranchería','86274'),(27004430,'Ismate y Chilapilla 2a Sección (Zapotal)','',27004,'Ranchería','86274'),(27004431,'Ismate y Chilapilla 2a Sección (Jahuactillo)','',27004,'Ranchería','86274'),(27004432,'La Vuelta (laguna)','',27004,'Pueblo','86274'),(27004433,'Chacté','',27004,'Ranchería','86274'),(27004434,'Chiquiguao 2da. Sección (Chiquiguaíto)','',27004,'Ranchería','86274'),(27004435,'Ismate y Chilapilla 1ra Sección (San Antonio)','',27004,'Ranchería','86274'),(27004436,'Las Matillas 4ta Sección (San Antonio)','',27004,'Ranchería','86274'),(27004437,'Las Matillas 4a Secc','',27004,'Ranchería','86274'),(27004438,'Dos Montes','',27004,'Pueblo','86275'),(27004439,'Barrancas y Guanal González','',27004,'Ranchería','86275'),(27004440,'La Palma','',27004,'Ranchería','86275'),(27004441,'La Cruz del Bajío','',27004,'Ranchería','86275'),(27004442,'Barrancas y Guanal López Portillo','',27004,'Ranchería','86275'),(27004443,'Barrancas y Guanal Tintillo','',27004,'Ranchería','86275'),(27004444,'La Manga 2da. Sección (El Jobal)','',27004,'Ranchería','86275'),(27004445,'Pajonal','',27004,'Ranchería','86275'),(27004446,'San Felipe de Jesús','',27004,'Fraccionamiento','86276'),(27004447,'Medellin y Pigua 3ra. Sección','',27004,'Ranchería','86276'),(27004448,'Medellín y Pigua 2da. Sección','',27004,'Ranchería','86276'),(27004449,'Constitución','',27004,'Colonia','86276'),(27004450,'El Zapotal','',27004,'Ranchería','86276'),(27004451,'Lagartera 1a Secc','',27004,'Ranchería','86276'),(27004452,'Lagartera 2a Secc','',27004,'Ranchería','86276'),(27004453,'Medellín y Pigua 4ta. Sección (El Aguacate)','',27004,'Ranchería','86276'),(27004454,'La Huerta Residencial','',27004,'Fraccionamiento','86276'),(27004455,'Acachapan y Colmena 3ra. Sección','',27004,'Ranchería','86277'),(27004456,'Acachapan y Colmena 2da. Sección (La Arena)','',27004,'Ranchería','86277'),(27004457,'Jornaleros y Aparceros (Pajaritos)','',27004,'Ranchería','86277'),(27004458,'Aztlán 1a Sección (Sector La Piedad)','',27004,'Ranchería','86277'),(27004459,'Acachapan y Colmena 2da. Sección (El Maluco)','',27004,'Ejido','86277'),(27004460,'Aztlán 1ra. Sección','',27004,'Ranchería','86278'),(27004461,'Aztlán 1ra. Sección (Sector Majahual)','',27004,'Ranchería','86278'),(27004462,'Boca de Guanal','',27004,'Ranchería','86278'),(27004463,'Boca de Aztlán 2da. Sección','',27004,'Ranchería','86278'),(27004464,'Aztlán 3a Sección (Jahuacte)','',27004,'Ranchería','86278'),(27004465,'Aztlán 2da. Sección el Cuy','',27004,'Ranchería','86278'),(27004466,'Buena Vista Río Nuevo 1ra. Sección','',27004,'Ranchería','86280'),(27004467,'Corregidora Ortiz 1a Secc','',27004,'Ranchería','86280'),(27004468,'Corregidora Ortiz 3ra Sección (San Pedrito)','',27004,'Ranchería','86280'),(27004469,'Corregidora Ortiz 5a Secc','',27004,'Ranchería','86280'),(27004470,'Gonzalez 1a Secc','',27004,'Ranchería','86280'),(27004471,'Gonzalez 2a Secc','',27004,'Ranchería','86280'),(27004472,'Gonzalez 3a Secc','',27004,'Ranchería','86280'),(27004473,'Luis Gil Pérez','',27004,'Pueblo','86280'),(27004474,'Pablo L Sidar (Miramar)','',27004,'Ranchería','86280'),(27004475,'Plátano y Cacao 1a Secc','',27004,'Ranchería','86280'),(27004476,'Plátano y Cacao 2da. Sección (La Isla)','',27004,'Ranchería','86280'),(27004477,'Plátano y Cacao 3a Secc','',27004,'Ranchería','86280'),(27004478,'Jesús Antonio Sibilla Zurita','',27004,'Fraccionamiento','86280'),(27004479,'Buena Vista Río Nuevo 4a Sección','',27004,'Colonia','86280'),(27004480,'Corregidora Ortiz 4a Sección','',27004,'Ranchería','86280'),(27004481,'Plátano y Cacao 4ta. Sección','',27004,'Ranchería','86280'),(27004482,'Alfa y Omega','',27004,'Fraccionamiento','86281'),(27004483,'Acachapan y Colmena 1a Secc','',27004,'Ranchería','86281'),(27004484,'San Ángel','',27004,'Fraccionamiento','86281'),(27004485,'Estancia Vieja 1a Secc','',27004,'Ranchería','86283'),(27004486,'Guineo 1a Secc','',27004,'Ranchería','86283'),(27004487,'Rio Tinto 1a Secc','',27004,'Ranchería','86283'),(27004488,'Buena Vista Río Nuevo 2a Sección','',27004,'Ranchería','86283'),(27004489,'Buena Vista Río Nuevo 3a Sección','',27004,'Ranchería','86283'),(27004490,'Estancia Vieja 2a Secc','',27004,'Ranchería','86283'),(27004491,'González 4a Secc','',27004,'Ranchería','86283'),(27004492,'Pablo L. Sidar (La Aurora)','',27004,'Ranchería','86283'),(27004493,'Río Tinto 2a Secc','',27004,'Ranchería','86283'),(27004494,'Río Tinto 3a Secc','',27004,'Ranchería','86283'),(27004495,'Los Gansos','',27004,'Fraccionamiento','86283'),(27004496,'Campestre Parrilla','',27004,'Fraccionamiento','86284'),(27004497,'Casas Para Todos','',27004,'Fraccionamiento','86284'),(27004498,'El Amate','',27004,'Fraccionamiento','86284'),(27004499,'Fovissste Kilómetro 9','',27004,'Fraccionamiento','86284'),(27004500,'Huapinol','',27004,'Fraccionamiento','86284'),(27004501,'Infonavit Parrilla','',27004,'Fraccionamiento','86284'),(27004502,'Parrilla','',27004,'Pueblo','86284'),(27004503,'Policía y Transito','',27004,'Fraccionamiento','86284'),(27004504,'La Unión hace la Fuerza','',27004,'Fraccionamiento','86284'),(27004505,'Parrilla 4ta. Sección (Los Acosta)','',27004,'Ranchería','86284'),(27004506,'Villa Floresta','',27004,'Fraccionamiento','86284'),(27004507,'El Árbol','',27004,'Fraccionamiento','86284'),(27004508,'Chilam Balam','',27004,'Fraccionamiento','86284'),(27004509,'Jardines de Huapinol','',27004,'Fraccionamiento','86284'),(27004510,'Santa Cecilia (los Músicos)','',27004,'Fraccionamiento','86284'),(27004511,'Santa Fe','',27004,'Fraccionamiento','86284'),(27004512,'Juchimán','',27004,'Fraccionamiento','86284'),(27004513,'Casa del Árbol','',27004,'Fraccionamiento','86284'),(27004514,'Popular Manuel Silva','',27004,'Fraccionamiento','86284'),(27004515,'Zafiro','',27004,'Fraccionamiento','86287'),(27004516,'Puerta Grande','',27004,'Fraccionamiento','86287'),(27004517,'Puerta de Hierro','',27004,'Fraccionamiento','86287'),(27004518,'Valle del Jaguar','',27004,'Fraccionamiento','86287'),(27004519,'Emiliano Zapata','',27004,'Ranchería','86287'),(27004520,'Jardines del Country','',27004,'Fraccionamiento','86287'),(27004521,'Lázaro Cárdenas 1a Sección','',27004,'Ranchería','86287'),(27004522,'Corregidora Ortiz 2a Secc','',27004,'Ranchería','86287'),(27004523,'Anacleto Canabal 1ra. Sección','',27004,'Colonia','86287'),(27004524,'Flores del Trópico','',27004,'Fraccionamiento','86287'),(27004525,'El Country','',27004,'Fraccionamiento','86287'),(27004526,'Santa Catalina (San Marcos)','',27004,'Pueblo','86287'),(27004527,'Lázaro Cárdenas 2a Sección','',27004,'Ranchería','86287'),(27004528,'Anacleto Canabal 2da. Sección','',27004,'Colonia','86287'),(27004529,'Anacleto Canabal 3ra. Sección','',27004,'Pueblo','86287'),(27004530,'Anacleto Canabal 4ta. Sección','',27004,'Pueblo','86287'),(27004531,'Lázaro Cárdenas 2da Sección (21 de Marzo)','',27004,'Ranchería','86287'),(27004532,'Puerta Real','',27004,'Fraccionamiento','86287'),(27004533,'Las Hadas','',27004,'Fraccionamiento','86287'),(27004534,'Sol Campestre','',27004,'Fraccionamiento','86287'),(27004535,'Puerta Azul','',27004,'Fraccionamiento','86287'),(27004536,'Parque Logístico Industrial Tabasco','',27004,'Zona industrial','86287'),(27004537,'Puerta Magna','',27004,'Fraccionamiento','86287'),(27004538,'Hacienda Casa Blanca','',27004,'Fraccionamiento','86287'),(27004539,'Clara Córdova Moran','',27004,'Colonia','86288'),(27004540,'Lomas del Palmar','',27004,'Fraccionamiento','86288'),(27004541,'La Parrilla 2a Secc La Lima','',27004,'Ranchería','86288'),(27004542,'Estanzuela 1ra. Sección','',27004,'Ranchería','86288'),(27004543,'El Manzano','',27004,'Fraccionamiento','86288'),(27004544,'Espinoza Galindo','',27004,'Fraccionamiento','86288'),(27004545,'Estanzuela 2da. Sección','',27004,'Ranchería','86288'),(27004546,'La Lima','',27004,'Fraccionamiento','86288'),(27004547,'Playas del Rosario (Subteniente García)','',27004,'Pueblo','86288'),(27004548,'Parrilla II','',27004,'Fraccionamiento','86288'),(27004549,'Las Mercedes','',27004,'Fraccionamiento','86288'),(27004550,'Hacienda Del Sol','',27004,'Fraccionamiento','86288'),(27004551,'El Almendro','',27004,'Fraccionamiento','86288'),(27004552,'Villa los Claustros','',27004,'Fraccionamiento','86288'),(27004553,'Revolución','',27004,'Colonia','86288'),(27004554,'El Paraíso','',27004,'Fraccionamiento','86288'),(27004555,'Parrilla 5ta. Sección (El Carmen)','',27004,'Ejido','86288'),(27004556,'Topacio','',27004,'Fraccionamiento','86288'),(27004557,'San Antonio','',27004,'Colonia','86288'),(27004558,'La Venta','',27004,'Fraccionamiento','86288'),(27004559,'El Encanto','',27004,'Fraccionamiento','86288'),(27004560,'27 de Octubre','',27004,'Fraccionamiento','86288'),(27004561,'Gracias México','',27004,'Fraccionamiento','86288'),(27004562,'San Manuel','',27004,'Fraccionamiento','86288'),(27004563,'Monteceibas','',27004,'Fraccionamiento','86288'),(27004564,'Pueblo Nuevo de las Raíces','',27004,'Pueblo','86289'),(27004565,'Agraria (La Isla)','',27004,'Colonia','86289'),(27004566,'El Recreo','',27004,'Pueblo','86289'),(27004567,'Santa Rita','',27004,'Colonia','86289'),(27004568,'Villa el Cielo','',27004,'Fraccionamiento','86290'),(27004569,'Tumbulushal','',27004,'Ranchería','86290'),(27004570,'La Victoria','',27004,'Ejido','86290'),(27004571,'La Huasteca 1ra. Sección','',27004,'Ranchería','86290'),(27004572,'La Huasteca 2da. Sección (Alvarado la Raya)','',27004,'Ranchería','86290'),(27004573,'Bicentenario','',27004,'Fraccionamiento','86290'),(27004574,'Alvarado (Colima)','',27004,'Ranchería','86291'),(27004575,'Alvarado Guardacosta','',27004,'Ranchería','86291'),(27004576,'Alvarado Jimbal','',27004,'Ranchería','86292'),(27004577,'Alvarado Santa Irene 1ra. Sección','',27004,'Ranchería','86293'),(27004578,'Boquerón 2a Sección (El Barquillo)','',27004,'Ranchería','86293'),(27004579,'Las Margaritas','',27004,'Fraccionamiento','86293'),(27004580,'Boquerón (San Pedro)','',27004,'Ranchería','86294'),(27004581,'Boquerón 3a Sección (Guanal)','',27004,'Ranchería','86294'),(27004582,'Boquerón 4a Sección (Laguna Nueva)','',27004,'Ranchería','86294'),(27004583,'Ixtacomitan 5a Sección','',27004,'Ranchería','86294'),(27004584,'Pablo L Sidar','',27004,'Ranchería','86294'),(27004585,'Parrilla 3ra Sección (La Providencia)','',27004,'Ranchería','86294'),(27004586,'Plutarco Elías Calles (La Majahua)','',27004,'Ranchería','86294'),(27004587,'Bosques de Araba','',27004,'Fraccionamiento','86294'),(27004588,'Boquerón 5a Sección (La Lagartera)','',27004,'Ranchería','86295'),(27004589,'Pablo L. Sidar (Guineo)','',27004,'Ranchería','86295'),(27004590,'Alvarado Santa Irene 2da. Sección (El Taizal)','',27004,'Ranchería','86297'),(27004591,'Hueso de Puerco','',27004,'Ranchería','86298'),(27005592,'Comalcalco Centro','Comalcalco',27005,'Colonia','86300'),(27005593,'San Silverio','Comalcalco',27005,'Colonia','86320'),(27005594,'Gustavo de La Fuente Dorantes','Comalcalco',27005,'Colonia','86320'),(27005595,'Belén','Comalcalco',27005,'Colonia','86320'),(27005596,'Tomas Garrido','Comalcalco',27005,'Colonia','86320'),(27005597,'Infonavit','Comalcalco',27005,'Colonia','86320'),(27005598,'Conjunto Habitacional Presidentes','Comalcalco',27005,'Fraccionamiento','86320'),(27005599,'Palma Real','Comalcalco',27005,'Fraccionamiento','86320'),(27005600,'Conjunto Habitacional Presidentes 2','Comalcalco',27005,'Fraccionamiento','86320'),(27005601,'San Miguel','Comalcalco',27005,'Colonia','86323'),(27005602,'Adolfo López Mateos','Comalcalco',27005,'Colonia','86323'),(27005603,'Villa Maya','Comalcalco',27005,'Fraccionamiento','86324'),(27005604,'Magisterial','Comalcalco',27005,'Fraccionamiento','86325'),(27005605,'Ecológica Lic. Carlos A. Madrazo Becerra','Comalcalco',27005,'Fraccionamiento','86325'),(27005606,'San Francisco','Comalcalco',27005,'Colonia','86330'),(27005607,'Bicentenario','Comalcalco',27005,'Colonia','86340'),(27005608,'Solidaridad Nacional A C','Comalcalco',27005,'Fraccionamiento','86340'),(27005609,'Magisterial 2','Comalcalco',27005,'Fraccionamiento','86340'),(27005610,'Vicente Guerrero','Comalcalco',27005,'Colonia','86350'),(27005611,'San Isidro','Comalcalco',27005,'Fraccionamiento','86357'),(27005612,'La Esperanza','Comalcalco',27005,'Fraccionamiento','86357'),(27005613,'Buenavista','Comalcalco',27005,'Fraccionamiento','86357'),(27005614,'Asturias','Comalcalco',27005,'Fraccionamiento','86357'),(27005615,'La Escondida','Comalcalco',27005,'Colonia','86360'),(27005616,'Las Rosas','Comalcalco',27005,'Fraccionamiento','86360'),(27005617,'Jorge Díaz Serrano','Comalcalco',27005,'Fraccionamiento','86360'),(27005618,'Santo Domingo','Comalcalco',27005,'Fraccionamiento','86369'),(27005619,'Xochimilco','Comalcalco',27005,'Colonia','86369'),(27005620,'Villas de Oriente','Comalcalco',27005,'Fraccionamiento','86369'),(27005621,'Santa Amalia','Comalcalco',27005,'Colonia','86370'),(27005622,'Delicias','Comalcalco',27005,'Fraccionamiento','86370'),(27005623,'La Joya','Comalcalco',27005,'Fraccionamiento','86380'),(27005624,'PEMEX (Cobertizo)','Comalcalco',27005,'Zona industrial','86388'),(27005625,'Las Brisas','',27005,'Fraccionamiento','86388'),(27005626,'Lázaro Cárdenas Del Rio','Comalcalco',27005,'Colonia','86389'),(27005627,'Empleado de Confianza','Comalcalco',27005,'Fraccionamiento','86389'),(27005628,'Fovissste','Comalcalco',27005,'Fraccionamiento','86389'),(27005629,'Morelos','Comalcalco',27005,'Colonia','86389'),(27008630,'Huimanguillo Centro','Huimanguillo',27008,'Colonia','86400'),(27008631,'Villa Flores 1ra Sección','',27008,'Ranchería','86400'),(27008632,'Nuevo Centro de Convivencia','Huimanguillo',27008,'Colonia','86400'),(27008633,'5 de Mayo','Huimanguillo',27008,'Colonia','86400'),(27008634,'Club Liberal','Huimanguillo',27008,'Colonia','86400'),(27008635,'El Torito','Huimanguillo',27008,'Colonia','86400'),(27008636,'Guadalupe','Huimanguillo',27008,'Colonia','86400'),(27008637,'Huimanguillo','Huimanguillo',27008,'Ejido','86400'),(27008638,'Los Angeles','Huimanguillo',27008,'Colonia','86400'),(27008639,'Pedro C Colorado','Huimanguillo',27008,'Colonia','86400'),(27008640,'Pueblo Nuevo','Huimanguillo',27008,'Colonia','86400'),(27008641,'Comisión Federal de Electricidad','Huimanguillo',27008,'Unidad habitacional','86400'),(27008642,'La Ceiba (infonavit)','Huimanguillo',27008,'Unidad habitacional','86400'),(27008643,'Avenida de La Juventud','Huimanguillo',27008,'Colonia','86400'),(27008644,'Mastelero','Huimanguillo',27008,'Colonia','86400'),(27008645,'C-31 (General Francisco Villa)','Huimanguillo',27008,'Colonia','86400'),(27008646,'Jardines de Mezcalapa','Huimanguillo',27008,'Colonia','86400'),(27008647,'Los Frutales','Huimanguillo',27008,'Colonia','86400'),(27008648,'Magisterial','Huimanguillo',27008,'Colonia','86400'),(27008649,'El Desecho 1ra Sección (Playa I)','',27008,'Ejido','86400'),(27008650,'Pomoca Bicentenario','',27008,'Fraccionamiento','86402'),(27008651,'San Lázaro','',27008,'Ranchería','86402'),(27008652,'Alfa y Omega','',27008,'Colonia','86402'),(27008653,'Ada Isabel','',27008,'Colonia','86402'),(27008654,'Mecatepec','',27008,'Pueblo','86402'),(27008655,'Monte de Oro 1a Sección','',27008,'Ranchería','86402'),(27008656,'Ocuapan','',27008,'Pueblo','86402'),(27008657,'Tecominoacan','',27008,'Pueblo','86402'),(27008658,'Río Seco y Montaña 2da. Sección','',27008,'Colonia','86402'),(27008659,'Carlos A Madrazo Poblado C 41','',27008,'Ranchería','86402'),(27008660,'Monte de Oro 3ra Sección','',27008,'Ejido','86402'),(27008661,'Río Seco y Montaña 1a Secc','',27008,'Ranchería','86402'),(27008662,'Las Pampas','',27008,'Ranchería','86402'),(27008663,'Los Naranjos 3ra Sección','',27008,'Ranchería','86402'),(27008664,'Río Seco y Montaña 3ra Sección','',27008,'Ranchería','86402'),(27008665,'San Fernando','',27008,'Ranchería','86403'),(27008666,'C- 34 Lic. Benito Juárez García','',27008,'Ranchería','86403'),(27008667,'C-26 (General Pedro C. Colorado)','',27008,'Ejido','86403'),(27008668,'Pico de Oro 1ra Sección','',27008,'Ranchería','86403'),(27008669,'Pico de Oro 3ra Sección','',27008,'Ranchería','86403'),(27008670,'Tierra Colorada 2da Sección (Silbarán)','',27008,'Ranchería','86403'),(27008671,'Tierra Colorada 3ra Sección','',27008,'Ranchería','86403'),(27008672,'El Cabrito','',27008,'Ranchería','86403'),(27008673,'Paso de la Mina 3ra. Sección','',27008,'Ejido','86403'),(27008674,'Paso de La Mina 2da Sección (Barrial)','',27008,'Ranchería','86403'),(27008675,'El Desecho 1a Secc','',27008,'Ranchería','86406'),(27008676,'El Desecho 2a Secc','',27008,'Ranchería','86406'),(27008677,'El Puente 1ra Sección','',27008,'Ranchería','86406'),(27008678,'Guiral y González 1ra Sección','',27008,'Ejido','86406'),(27008679,'Libertad','',27008,'Ranchería','86406'),(27008680,'Los Naranjos 1a Secc','',27008,'Ranchería','86406'),(27008681,'Los Naranjos 2da Sección','',27008,'Ranchería','86406'),(27008682,'El Puente 2da Sección','',27008,'Ranchería','86406'),(27008683,'Tierra Nueva 1a Secc','',27008,'Ranchería','86407'),(27008684,'Tierra Nueva 2a Secc','',27008,'Ranchería','86407'),(27008685,'Laguna de los Limones','',27008,'Ranchería','86407'),(27008686,'Ostitán 1ra Sección','',27008,'Ranchería','86407'),(27008687,'Ostiatán 2a Secc','',27008,'Ranchería','86407'),(27008688,'Villa Flores 2a Secc','',27008,'Ranchería','86407'),(27008689,'Otra Banda 2a Secc','',27008,'Ranchería','86409'),(27008690,'Macayo y Naranjo 2da Sección','',27008,'Ranchería','86409'),(27008691,'Otra Banda 1ra Sección','',27008,'Ejido','86409'),(27008692,'Otra Banda 3a Sección','',27008,'Ranchería','86409'),(27008693,'Macayo y Naranjo 1ra Sección','',27008,'Ranchería','86409'),(27008694,'Samaria','',27008,'Ejido','86409'),(27008695,'Monte de Oro 2a Secc','',27008,'Ranchería','86410'),(27008696,'C-40 (Ernesto Aguirre Colorado)','',27008,'Pueblo','86410'),(27008697,'C-32 (Licenciado Francisco Trujillo Gurría)','',27008,'Ranchería','86410'),(27008698,'La Ceiba 1ra. Sección','',27008,'Ranchería','86413'),(27008699,'La Ceiba 1ra. Sección (Ruiz Cortínes)','',27008,'Ranchería','86413'),(27008700,'Luis Cabrera','',27008,'Ranchería','86413'),(27008701,'El Chapo','',27008,'Ranchería','86413'),(27008702,'El Cocoite','',27008,'Ranchería','86413'),(27008703,'La Ceiba 2da Sección','',27008,'Ranchería','86413'),(27008704,'Zapotal 5ta. Sección','',27008,'Pueblo','86414'),(27008705,'Zapotal 1ra. Sección (San Miguel)','',27008,'Ejido','86414'),(27008706,'Palo Mulato (Zapotal)','',27008,'Ranchería','86414'),(27008707,'El Palmar','',27008,'Ranchería','86414'),(27008708,'Cuauhtémoc','',27008,'Ranchería','86414'),(27008709,'Zapotal 4ta Sección (Zapotalito)','',27008,'Ranchería','86414'),(27008710,'Pejelagartero 1ra. Sección (Los Pinos)','',27008,'Ranchería','86415'),(27008711,'Pejelagartero 2a Secc','',27008,'Ranchería','86415'),(27008712,'C-25 (Isidro Cortés Rueda)','',27008,'Ejido','86415'),(27008713,'Emiliano Zapata (Chichonal de la Boyería)','',27008,'Ranchería','86415'),(27008714,'Benito Juárez 1ra. Sección','',27008,'Colonia','86415'),(27008715,'Pejelagartero 1ra. Sección (Nuevo Progreso)','',27008,'Ejido','86415'),(27008716,'Zapotal 3ra Sección (El Corchal)','',27008,'Ejido','86415'),(27008717,'Pejelagartero 1ra Sección (Chichonal)','',27008,'Ejido','86415'),(27008718,'Pejelagartero 1ra. Sección (El Arroyito)','',27008,'Ranchería','86415'),(27008719,'Pejelagartero 1ra Sección (El Filero)','',27008,'Ranchería','86415'),(27008720,'Zanapa 1a Secc','',27008,'Ranchería','86416'),(27008721,'Zanapa 2da Sección (El Tumbo)','',27008,'Ejido','86416'),(27008722,'Benito Juárez 2da. Sección (Monte Alegre)','',27008,'Ranchería','86417'),(27008723,'Blasillo 1ra Sección (Nicolás Bravo)','',27008,'Ranchería','86417'),(27008724,'Blasillo 2a Secc','',27008,'Ranchería','86417'),(27008725,'Blasillo 4a Secc','',27008,'Ranchería','86417'),(27008726,'La Venta','',27008,'Pueblo','86418'),(27008727,'El Salvamento','',27008,'Colonia','86418'),(27008728,'Francisco I Madero','',27008,'Colonia','86418'),(27008729,'Ruborosa','',27008,'Colonia','86418'),(27008730,'El Piojo','',27008,'Colonia','86418'),(27008731,'Nueva Esperanza','',27008,'Colonia','86418'),(27008732,'Emporio','',27008,'Ranchería','86418'),(27008733,'Aquiles Serdán 2da. Sección (Azucenita)','',27008,'Ranchería','86418'),(27008734,'Aquiles Serdán 1ra. Sección','',27008,'Ranchería','86418'),(27008735,'El Paraíso','',27008,'Ranchería','86418'),(27008736,'Central Fournier 1ra. Sección (El Coleto)','',27008,'Ejido','86420'),(27008737,'Francisco Rueda','',27008,'Pueblo','86420'),(27008738,'Paso de la Mina 1ra. Sección','',27008,'Ranchería','86421'),(27008739,'Huapacal 1a Sección','',27008,'Ejido','86421'),(27008740,'Tres Bocas 1ra Sección','',27008,'Ejido','86423'),(27008741,'Ignacio Gutiérrez 1ra Sección','',27008,'Ranchería','86423'),(27008742,'Huapacal 2a Secc','',27008,'Ranchería','86423'),(27008743,'Ignacio Gutiérrez 2a Secc','',27008,'Ranchería','86423'),(27008744,'Ignacio Gutiérrez 3a Secc','',27008,'Ranchería','86423'),(27008745,'Ignacio Gutiérrez 4a Secc','',27008,'Ranchería','86423'),(27008746,'Huapacal 4a Sección','',27008,'Ranchería','86423'),(27008747,'Santa Cruz','',27008,'Ranchería','86425'),(27008748,'Manuel Sanchez Mármol','',27008,'Ranchería','86425'),(27008749,'Macabil','',27008,'Ranchería','86425'),(27008750,'Unidad Modelo Sábana Larga','',27008,'Ranchería','86425'),(27008751,'Benito Juárez','',27008,'Ranchería','86426'),(27008752,'Miguel Hidalgo y Costilla','',27008,'Ranchería','86426'),(27008753,'Vieja Guardia Agrarista','',27008,'Ejido','86427'),(27008754,'Estación Martínez Gaytán','',27008,'Paraje','86427'),(27008755,'El Guanal','',27008,'Ejido','86427'),(27008756,'Francisco Martinez Gaytan','',27008,'Ejido','86427'),(27008757,'Las Galaxias','',27008,'Ranchería','86427'),(27008758,'Francisco Villa','',27008,'Ranchería','86427'),(27008759,'Díez de Abril','',27008,'Ranchería','86427'),(27008760,'Pedro C. Colorado','',27008,'Ranchería','86427'),(27008761,'Central Fournier 2da Sección','',27008,'Ranchería','86427'),(27008762,'Laguna del Rosario','',27008,'Ranchería','86427'),(27008763,'Río Pedregal','',27008,'Colonia','86428'),(27008764,'El Sacrificio','',27008,'Ranchería','86428'),(27008765,'Santa Lucía','',27008,'Ranchería','86428'),(27008766,'Francisco I. Madero','',27008,'Ranchería','86428'),(27008767,'Economía','',27008,'Ranchería','86430'),(27008768,'Guadalupe Victoria','',27008,'Ranchería','86430'),(27008769,'Jose Mercedes Gamas','',27008,'Ranchería','86430'),(27008770,'Pedregal Moctezuma 1ra Sección','',27008,'Ejido','86430'),(27008771,'José Narciso Rovirosa','',27008,'Ranchería','86430'),(27008772,'El Sacrificio','',27008,'Ranchería','86430'),(27008773,'Pedregal Moctezuma 2da. Sección (Leyva)','',27008,'Ranchería','86430'),(27008774,'José María Pino Suárez 2da. Sección','',27008,'Ranchería','86432'),(27008775,'Estación Zanapa','',27008,'Paraje','86432'),(27008776,'Gregorio Méndez','',27008,'Ranchería','86432'),(27008777,'Esperanza del Bajío','',27008,'Ranchería','86432'),(27008778,'Venustiano Carranza','',27008,'Ranchería','86433'),(27008779,'Marcelino Inorrueta de la Fuente','',27008,'Colonia','86433'),(27008780,'Tierra Nueva 4ta Sección','',27008,'Ejido','86433'),(27008781,'La Lucha','',27008,'Ejido','86433'),(27008782,'San Manuel','',27008,'Pueblo','86434'),(27008783,'Paredón 1a Secc','',27008,'Ranchería','86434'),(27008784,'Rafael Martinez de Escobar','',27008,'Ejido','86434'),(27008785,'Paredón 2da. Sección (Álvaro Obregón)','',27008,'Ranchería','86434'),(27008786,'Las Giraldas','',27008,'Ranchería','86434'),(27008787,'Paredón 1ra. Sección (El Porvenir)','',27008,'Ejido','86434'),(27008788,'Paredón 2a Secc','',27008,'Ranchería','86434'),(27008789,'San Antonio','',27008,'Ranchería','86434'),(27008790,'San Manuel Tenerife','',27008,'Ejido','86434'),(27008791,'La Esperanza','',27008,'Ejido','86436'),(27008792,'El Encomendero','',27008,'Ranchería','86436'),(27008793,'El Suspiro','',27008,'Ranchería','86436'),(27008794,'La Gavia','',27008,'Ranchería','86436'),(27008795,'Salvador Neme Castillo','',27008,'Ejido','86436'),(27008796,'Roberto Madrazo Pintado','',27008,'Ejido','86436'),(27008797,'El Complejo','',27008,'Ejido','86436'),(27008798,'Chicoacán','',27008,'Ranchería','86440'),(27008799,'Gilberto Flores Muñoz','',27008,'Ranchería','86440'),(27008800,'Tierra Nueva 3ra Sección','',27008,'Ranchería','86440'),(27008801,'Chontalpa (Estación Chontalpa)','',27008,'Pueblo','86440'),(27008802,'Francisco J Santamaría 1ra Sección','',27008,'Ranchería','86442'),(27008803,'Enrique Rodríguez Cano','',27008,'Ejido','86442'),(27008804,'Caobanal 1ra. Sección (La Victoria)','',27008,'Ranchería','86443'),(27008805,'Amacohíte 1ra Sección','',27008,'Ranchería','86443'),(27008806,'Jose Maria Morelos y Pavón','',27008,'Ranchería','86443'),(27008807,'Francisco Sarabia','',27008,'Ranchería','86443'),(27008808,'Caobanal 1ra Sección (Mezcalapa)','',27008,'Ranchería','86443'),(27008809,'Caobanal 2da Sección (Pedro Sánchez Magallanes)','',27008,'Ranchería','86443'),(27008810,'La Arena 1ra Sección','',27008,'Ranchería','86444'),(27008811,'Pedregalito','',27008,'Ranchería','86444'),(27008812,'José María Pino Suárez','',27008,'Ranchería','86444'),(27008813,'Pedregal Moctezuma 1ra Sección','',27008,'Ranchería','86445'),(27008814,'Pedregal Moctezuma 2a Secc','',27008,'Ejido','86445'),(27008815,'Alto Amacohíte 3ra Sección','',27008,'Ranchería','86446'),(27008816,'Malpasito','',27008,'Ejido','86446'),(27008817,'Las Flores','',27008,'Ranchería','86446'),(27008818,'Villa de Guadalupe','',27008,'Ranchería','86446'),(27008819,'Francisco J. Mujica','',27008,'Ranchería','86446'),(27008820,'Carlos A. Madrazo','',27008,'Ranchería','86446'),(27008821,'Chimalapa 2da. Sección','',27008,'Ranchería','86446'),(27008822,'Gustavo Díaz Ordaz','',27008,'Ranchería','86446'),(27008823,'Chimalapa 1ra. Sección','',27008,'Ejido','86446'),(27008824,'La Candelaria','',27008,'Ejido','86446'),(27008825,'Rancho Nuevo','',27008,'Ranchería','86454'),(27008826,'La Florida','',27008,'Ranchería','86454'),(27008827,'La Mina','',27008,'Ranchería','86454'),(27008828,'Tierra Colorada 1a Secc','',27008,'Ranchería','86454'),(27008829,'La Trinidad','',27008,'Ranchería','86454'),(27008830,'Los Cocos','',27008,'Ranchería','86454'),(27008831,'Paso Del Rosario','',27008,'Ranchería','86456'),(27008832,'El Trébol (La Estrella)','',27008,'Ranchería','86456'),(27008833,'Nuevo Progreso','',27008,'Ejido','86456'),(27008834,'Licenciado Antonio Zamora Arrioja','',27008,'Ejido','86456'),(27010216,'La Hacienda','Jalpa de Méndez',27010,'Fraccionamiento','86200'),(27010217,'Amatitán','Jalpa de Méndez',27010,'Pueblo','86200'),(27010218,'Jalpa de Mendez Centro','Jalpa de Méndez',27010,'Colonia','86200'),(27010219,'Gonzalez Pedrero','Jalpa de Méndez',27010,'Fraccionamiento','86200'),(27010220,'Guadalupe','Jalpa de Méndez',27010,'Barrio','86200'),(27010221,'La Candelaria','Jalpa de Méndez',27010,'Barrio','86200'),(27010222,'San Luis','Jalpa de Méndez',27010,'Barrio','86200'),(27010223,'Santa Ana','Jalpa de Méndez',27010,'Barrio','86200'),(27010224,'El Rio','',27010,'Ranchería','86203'),(27010225,'La Cruz','',27010,'Ranchería','86203'),(27010226,'Jalupa','Jalpa de mendez',27010,'Ejido','86203'),(27010227,'Tierras Peleadas (Tierras Amigas)','',27010,'Ranchería','86203'),(27010228,'Rivera Alta','',27010,'Ranchería','86205'),(27010229,'Santuario 1ra. Sección','',27010,'Ranchería','86205'),(27010230,'Santuario 2da Secc','',27010,'Ranchería','86205'),(27010231,'Tierra Adentro 1ra Sección','',27010,'Ranchería','86206'),(27010232,'Santa Ana (El Río)','',27010,'Ejido','86206'),(27010233,'La Concepción','',27010,'Ranchería','86206'),(27010234,'Tierra Adentro 3ra Sección (El Vigía)','',27010,'Ranchería','86206'),(27010235,'Vicente Guerrero 1a Secc','',27010,'Ranchería','86207'),(27010236,'Vicente Guerrero 2a Secc','',27010,'Ranchería','86207'),(27010237,'El Juncal','',27010,'Ejido','86207'),(27010238,'Santa Lucía','',27010,'Ranchería','86207'),(27010239,'San Nicolás','',27010,'Ranchería','86207'),(27010240,'San Hipólito','',27010,'Ranchería','86207'),(27010241,'Nabor Cornelio Álvarez','',27010,'Ranchería','86207'),(27010242,'El Púlpito','',27010,'Ejido','86207'),(27010243,'Hermenegildo Galeana 1a Secc','',27010,'Ranchería','86208'),(27010244,'Hermenegildo Galeana 2a Secc','',27010,'Ranchería','86208'),(27010245,'Benito Juárez 3a Secc','',27010,'Ranchería','86208'),(27010246,'Huapacal 1a Secc','',27010,'Ranchería','86208'),(27010247,'Benito Juárez 1a Secc','',27010,'Ranchería','86208'),(27010248,'Benito Juárez 2a Secc','',27010,'Ranchería','86208'),(27010249,'Boquiapa','',27010,'Pueblo','86208'),(27010250,'Chacalapa 1a Secc','',27010,'Ranchería','86208'),(27010251,'Chacalapa 2a Secc','',27010,'Ranchería','86208'),(27010252,'Huapacal 2da. Sección (Punta Brava)','',27010,'Ranchería','86208'),(27010253,'El Carmen','',27010,'Ejido','86208'),(27010254,'El Mango','',27010,'Colonia','86209'),(27010255,'Iquinuapa','',27010,'Pueblo','86209'),(27010256,'Ayapa','',27010,'Pueblo','86209'),(27010257,'Gregorio Mendez','',27010,'Ranchería','86209'),(27010258,'Pueblo Viejo','',27010,'Ranchería','86209'),(27010259,'Soyataco','',27010,'Pueblo','86209'),(27010260,'Iquinuapa (El Clavo)','',27010,'Pueblo','86209'),(27010261,'Tomás Garrido Canabal (San José)','',27010,'Ranchería','86209'),(27010262,'La Trinidad','',27010,'Ranchería','86209'),(27010263,'El Carmen (La Ensenada)','',27010,'Ranchería','86209'),(27010264,'El Recreo','',27010,'Ranchería','86214'),(27010265,'Mecoacán 2da. Sección (San Lorenzo)','',27010,'Ranchería','86214'),(27010266,'El Novillero','',27010,'Ejido','86214'),(27010267,'Nicolás Bravo','',27010,'Ranchería','86215'),(27010268,'Mecoacan','',27010,'Pueblo','86216'),(27010269,'Reforma 1a Secc','',27010,'Ranchería','86216'),(27010270,'Campo Petrolero Mecoacan','',27010,'Ranchería','86216'),(27010271,'Reforma 3ra. Sección (El Guano)','',27010,'Ranchería','86216'),(27010272,'Reforma 2da Secc','',27010,'Ranchería','86216'),(27010273,'La Ceiba','',27010,'Ejido','86216'),(27010274,'El Carmen','',27010,'Colonia','86216'),(27010275,'San Gregorio','',27010,'Colonia','86216'),(27013276,'Rivera Alta','',27013,'Ejido','86220'),(27013277,'Nacajuca','',27013,'Pueblo','86220'),(27013278,'17 de Julio','',27013,'Colonia','86220'),(27013279,'El Carmen','',27013,'Colonia','86220'),(27013280,'Nacaxuxuca 2a Secc','',27013,'Colonia','86220'),(27013281,'Nacaxuxuca 1a Secc','',27013,'Colonia','86220'),(27013282,'Mazateupa','',27013,'Pueblo','86230'),(27013283,'Tapotzingo','',27013,'Pueblo','86230'),(27013284,'Tucta','',27013,'Pueblo','86230'),(27013285,'Tecoluta 2da. Sección','',27013,'Pueblo','86233'),(27013286,'San Isidro 2da. Sección','',27013,'Ranchería','86233'),(27013287,'Guaytalpa','',27013,'Pueblo','86233'),(27013288,'Tecoluta 1ra. Sección','',27013,'Pueblo','86233'),(27013289,'San Simón','',27013,'Ranchería','86233'),(27013290,'San Isidro 1ra. Sección','',27013,'Ranchería','86233'),(27013291,'San José Pajonal','',27013,'Ranchería','86233'),(27013292,'Isla Guadalupe','',27013,'Ranchería','86235'),(27013293,'Chicozapote','',27013,'Ejido','86235'),(27013294,'Oxiacaque','',27013,'Pueblo','86235'),(27013295,'El Sitio','',27013,'Ranchería','86235'),(27013296,'El Chiflón','',27013,'Ranchería','86235'),(27013297,'El Pastal','',27013,'Ranchería','86235'),(27013298,'Sandial','',27013,'Ranchería','86236'),(27013299,'Banderas (Guatacalca 2da. Sección)','',27013,'Ejido','86236'),(27013300,'El Cometa','',27013,'Ranchería','86236'),(27013301,'Corriente 2da. Sección','',27013,'Ranchería','86237'),(27013302,'Guatacalca','',27013,'Ranchería','86237'),(27013303,'La Cruz de Nacajuca','',27013,'Ranchería','86237'),(27013304,'Belén','',27013,'Ranchería','86237'),(27013305,'Corriente 1ra. Sección','',27013,'Ranchería','86237'),(27013306,'Guatacalca','',27013,'Pueblo','86237'),(27013307,'Olcuatitán','',27013,'Pueblo','86237'),(27013308,'El Zapote','',27013,'Ranchería','86237'),(27013309,'La Loma','',27013,'Ranchería','86237'),(27013310,'La Cruz de Olcuatitán','',27013,'Ranchería','86237'),(27013311,'Cantemoc 2da. Sección','',27013,'Ranchería','86238'),(27013312,'Cantemoc 1ra. Sección','',27013,'Ranchería','86238'),(27013313,'Chicozapote','',27013,'Ranchería','86238'),(27013314,'Arroyo','',27013,'Pueblo','86240'),(27013315,'Taxco','',27013,'Ranchería','86240'),(27013316,'Vainilla','',27013,'Ranchería','86240'),(27013317,'Salvador Allende','',27013,'Ranchería','86240'),(27013318,'Arroyo San Cipriano','',27013,'Ranchería','86243'),(27013319,'El Hormiguero','',27013,'Ranchería','86243'),(27013320,'El Guásimo','',27013,'Ranchería','86243'),(27013321,'Jiménez','',27013,'Ranchería','86243'),(27013322,'Ferlles Nuevo Campestre','',27013,'Ranchería','86244'),(27013323,'Samarkanda','',27013,'Ejido','86244'),(27013324,'Guatacalca (Guatacalca 1ra. Sección)','',27013,'Ejido','86245'),(27013325,'Amatón','',27013,'Ranchería','86245'),(27013326,'Arroyo','',27013,'Ejido','86245'),(27013327,'El Tigre','',27013,'Ranchería','86245'),(27013328,'Lomitas','',27013,'Pueblo','86245'),(27013329,'Saloya 1ra. Sección','',27013,'Ranchería','86245'),(27013330,'El Dorado','',27013,'Fraccionamiento','86245'),(27013331,'Libertad','',27013,'Colonia','86246'),(27013332,'Libertad 2da. Sección','',27013,'Ranchería','86246'),(27013333,'Palmira','',27013,'Fraccionamiento','86246'),(27013334,'Real Campestre','',27013,'Fraccionamiento','86246'),(27013335,'Bosque de Saloya','',27013,'Colonia','86246'),(27013336,'La Selva','',27013,'Fraccionamiento','86246'),(27013337,'Benito Juárez','',27013,'Fraccionamiento','86246'),(27013338,'Manuel Buendía Téllez Girón','',27013,'Colonia','86246'),(27013339,'La Pera','',27013,'Fraccionamiento','86246'),(27013340,'Tabasco I','',27013,'Fraccionamiento','86246'),(27013341,'Tabasco II','',27013,'Fraccionamiento','86246'),(27013342,'Brisas del Carrizal','',27013,'Fraccionamiento','86246'),(27013343,'Paseos de La Primavera','',27013,'Fraccionamiento','86246'),(27013344,'Aparceros','',27013,'Fraccionamiento','86246'),(27013345,'América','',27013,'Fraccionamiento','86247'),(27013346,'Residencial Mediterráneo','',27013,'Fraccionamiento','86247'),(27013347,'Europa','',27013,'Fraccionamiento','86247'),(27013348,'El Cedro','',27013,'Pueblo','86247'),(27013349,'Privada Real del Cedro','',27013,'Fraccionamiento','86247'),(27013350,'Pomoca Valle Real','',27013,'Fraccionamiento','86247'),(27013351,'Saloya 2da. Sección','',27013,'Ranchería','86247'),(27013352,'Corralillo','',27013,'Ranchería','86247'),(27013353,'Pomoca','',27013,'Fraccionamiento','86247'),(27013354,'Tenerife','',27013,'Fraccionamiento','86247'),(27013355,'Quintas del Bosque','',27013,'Fraccionamiento','86247'),(27013356,'Los Naranjos','',27013,'Fraccionamiento','86247'),(27013357,'Guayacan','',27013,'Fraccionamiento','86247'),(270012096,'Periférico','',27001,'Colonia','86930'),(270012097,'La Colmena','',27001,'Colonia','86930'),(270012098,'Niños Héroes','',27001,'Colonia','86930'),(270012099,'Prados de Balancán','',27001,'Colonia','86930'),(270012100,'Brigada Usumacinta','',27001,'Colonia','86930'),(270012101,'El Yomel','',27001,'Colonia','86930'),(270012102,'Balancán Centro','',27001,'Colonia','86930'),(270012103,'Del Carmen','',27001,'Barrio','86930'),(270012104,'Palenque','',27001,'Barrio','86930'),(270012105,'San Joaquín','',27001,'Barrio','86930'),(270012106,'Municipal','',27001,'Colonia','86930'),(270012107,'Monte Libano','',27001,'Colonia','86930'),(270012108,'Magisterial','',27001,'Colonia','86930'),(270012109,'Gregorio Méndez','',27001,'Colonia','86930'),(270012110,'Jardines de Balancán','',27001,'Colonia','86930'),(270012111,'Carlos A. Madrazo','',27001,'Colonia','86930'),(270012112,'Nuevo México','',27001,'Colonia','86930'),(270012113,'Carlos Enrique Abreu','',27001,'Colonia','86930'),(270012114,'Luis Felipe Domínguez','',27001,'Colonia','86930'),(270012115,'Las Flores','',27001,'Colonia','86930'),(270012116,'Nuevo Milenio','',27001,'Colonia','86930'),(270012117,'San Marcos','',27001,'Colonia','86930'),(270012118,'El Colmenar','',27001,'Rancho','86930'),(270012119,'Misicab','',27001,'Ranchería','86933'),(270012120,'Pejelagarto 2da Sección','',27001,'Ranchería','86933'),(270012121,'Suniná','',27001,'Ranchería','86933'),(270012122,'Asunción','',27001,'Pueblo','86933'),(270012123,'Catalina (Altamira)','',27001,'Ranchería','86933'),(270012124,'Dos Estrellas','',27001,'Rancho','86933'),(270012125,'Dos Hermanos','',27001,'Rancho','86933'),(270012126,'El Bajío','',27001,'Ranchería','86933'),(270012127,'El Doble G','',27001,'Rancho','86933'),(270012128,'El Paraíso','',27001,'Rancho','86933'),(270012129,'El Recuerdo','',27001,'Rancho','86933'),(270012130,'El Sacrificio','',27001,'Rancho','86933'),(270012131,'El Zapotal','',27001,'Rancho','86933'),(270012132,'La Aurora','',27001,'Rancho','86933'),(270012133,'La Providencia (Parada San Antonio)','',27001,'Rancho','86933'),(270012134,'Mi Ranchito','',27001,'Ranchería','86933'),(270012135,'San José 2da Sección','',27001,'Rancho','86933'),(270012136,'San Miguel','',27001,'Rancho','86933'),(270012137,'Santa Celia','',27001,'Ranchería','86933'),(270012138,'Santa Clara','',27001,'Ranchería','86933'),(270012139,'Santa Elena','',27001,'Rancho','86933'),(270012140,'Santa Isabel','',27001,'Ranchería','86933'),(270012141,'Santa Martha','',27001,'Rancho','86933'),(270012142,'Sonora','',27001,'Rancho','86933'),(270012143,'La Asunción','',27001,'Rancho','86933'),(270012144,'La Providencia','',27001,'Rancho','86933'),(270012145,'Las Maravillas','',27001,'Rancho','86933'),(270012146,'El Arenal','',27001,'Ranchería','86934'),(270012147,'Tierra Blanca','',27001,'Ranchería','86934'),(270012148,'Vicente Guerrero','',27001,'Ranchería','86934'),(270012149,'Pejelagarto 1ra Sección','',27001,'Ranchería','86934'),(270012150,'San Juan','',27001,'Ejido','86934'),(270012151,'Jahuactal','',27001,'Ejido','86934'),(270012152,'El Manantial','',27001,'Ranchería','86934'),(270012153,'Isla Sebastopol','',27001,'Ranchería','86934'),(270012154,'Las Mercedes','',27001,'Ranchería','86934'),(270012155,'Macayal','',27001,'Rancho','86934'),(270012156,'Santa Rosa','',27001,'Ranchería','86934'),(270012157,'Soledad','',27001,'Rancho','86934'),(270012158,'El Llano','',27001,'Ranchería','86934'),(270012159,'El Luinar','',27001,'Rancho','86934'),(270012160,'Isla Conja','',27001,'Rancho','86934'),(270012161,'Mi Gran Aventura','',27001,'Rancho','86934'),(270012162,'San Antonio','',27001,'Rancho','86934'),(270012163,'Santa Lucía','',27001,'Rancho','86934'),(270012164,'Centro Usumacinta','',27001,'Ranchería','86935'),(270012165,'Uquina y La Loma','',27001,'Ejido','86935'),(270012166,'Chacabita','',27001,'Ejido','86935'),(270012167,'Alianza Balancán','',27001,'Ranchería','86935'),(270012168,'Balancán (Carcel Municipal de Balancán)','',27001,'Equipamiento','86935'),(270012169,'Campo Alto','',27001,'Ranchería','86935'),(270012170,'Chajol','',27001,'Ranchería','86935'),(270012171,'El Chinal','',27001,'Rancho','86935'),(270012172,'El Dorado','',27001,'Rancho','86935'),(270012173,'El Garrafón','',27001,'Ranchería','86935'),(270012174,'El Yomel','',27001,'Rancho','86935'),(270012175,'El Zapote','',27001,'Ranchería','86935'),(270012176,'Frente Único','',27001,'Ranchería','86935'),(270012177,'La Esperanza','',27001,'Ranchería','86935'),(270012178,'Oklahoma','',27001,'Rancho','86935'),(270012179,'San Jorge','',27001,'Rancho','86935'),(270012180,'Santo Domingo','',27001,'Rancho','86935'),(270012181,'El Arrozal','',27001,'Rancho','86935'),(270012182,'El Cortador','',27001,'Ranchería','86935'),(270012183,'El Silencio','',27001,'Rancho','86935'),(270012184,'Santa Marlene','',27001,'Ranchería','86935'),(270012185,'Leona Vicario','',27001,'Ejido','86936'),(270012186,'Chancabal','',27001,'Ranchería','86936'),(270012187,'Isla Missicab','',27001,'Ranchería','86936'),(270012188,'Bajo Nezahualcoyotl','',27001,'Ranchería','86936'),(270012189,'Nezahualcoyotl','',27001,'Pueblo','86936'),(270012190,'Multé','',27001,'Pueblo','86936'),(270012191,'Leona Vicario','',27001,'Ranchería','86936'),(270012192,'Josefa Ortíz de Domínguez','',27001,'Ranchería','86936'),(270012193,'Laguna Colorada','',27001,'Ranchería','86936'),(270012194,'Pajonal','',27001,'Ranchería','86936'),(270012195,'San Juan (Guerrero)','',27001,'Ranchería','86936'),(270012196,'Cancún','',27001,'Rancho','86936'),(270012197,'El Foco','',27001,'Rancho','86936'),(270012198,'El Nido','',27001,'Ranchería','86936'),(270012199,'El Pajaral','',27001,'Rancho','86936'),(270012200,'El Porvenir','',27001,'Rancho','86936'),(270012201,'Isla Santa Ana','',27001,'Ranchería','86936'),(270012202,'La Herradura','',27001,'Rancho','86936'),(270012203,'La Poza de la Tortuga','',27001,'Rancho','86936'),(270012204,'Las Campanas','',27001,'Ranchería','86936'),(270012205,'Los Mangos','',27001,'Rancho','86936'),(270012206,'Santa Elena','',27001,'Rancho','86936'),(270012207,'Santo Domingo','',27001,'Rancho','86936'),(270012208,'El Sacrificio','',27001,'Rancho','86936'),(270012209,'La Veleta','',27001,'Rancho','86936'),(270012210,'Cuba','',27001,'Ejido','86937'),(270012211,'Agua Bendita','',27001,'Rancho','86937'),(270012212,'El Faisán','',27001,'Rancho','86937'),(270012213,'General Luis Felipe Domínguez Suárez','',27001,'Pueblo','86937'),(270012214,'San José del Río','',27001,'Ranchería','86937'),(270012215,'Pantoja','',27001,'Rancho','86937'),(270012216,'Constitución','',27001,'Ejido','86940'),(270012217,'José Narciso Rovirosa','',27001,'Ejido','86940'),(270012218,'Santa Cruz','',27001,'Ejido','86940'),(270012219,'Aguacatal Dos','',27001,'Ranchería','86940'),(270012220,'El Sacrificio','',27001,'Rancho','86940'),(270012221,'El Sahuayo','',27001,'Rancho','86940'),(270012222,'Graciela Pintado de Madrazo','',27001,'Ranchería','86940'),(270012223,'La Gloria','',27001,'Rancho','86940'),(270012224,'La Trinidad','',27001,'Ranchería','86940'),(270012225,'Los Hermanos Hernández','',27001,'Rancho','86940'),(270012226,'Los Tres Reyes','',27001,'Rancho','86940'),(270012227,'San Miguel','',27001,'Ranchería','86940'),(270012228,'Santa Fe','',27001,'Rancho','86940'),(270012229,'Santa María Luisa','',27001,'Rancho','86940'),(270012230,'San Lazarito','',27001,'Rancho','86940'),(270012231,'La Hulería','',27001,'Ejido','86943'),(270012232,'San Joaquín 1ra Sección','',27001,'Ejido','86943'),(270012233,'El Pimiental','',27001,'Ranchería','86943'),(270012234,'La Poza (La Hulería)','',27001,'Ranchería','86943'),(270012235,'Acatempan','',27001,'Rancho','86943'),(270012236,'El Consuelo','',27001,'Ranchería','86943'),(270012237,'La Envidia','',27001,'Rancho','86943'),(270012238,'La Esperanza','',27001,'Rancho','86943'),(270012239,'Potrero del Llano','',27001,'Ranchería','86943'),(270012240,'San Alberto','',27001,'Rancho','86943'),(270012241,'San Joaquín 2da Sección','',27001,'Ranchería','86943'),(270012242,'San Manuel','',27001,'Rancho','86943'),(270012243,'El Roblar','',27001,'Rancho','86943'),(270012244,'La Guadalupe','',27001,'Rancho','86943'),(270012245,'San Joaquín','',27001,'Rancho','86943'),(270012246,'Santa Josefa','',27001,'Rancho','86943'),(270012247,'Tarimas (Emiliano Zapata)','',27001,'Ejido','86944'),(270012248,'Las Tarimas','',27001,'Ranchería','86944'),(270012249,'El Carmen','',27001,'Ranchería','86944'),(270012250,'La Gloria','',27001,'Rancho','86944'),(270012251,'La Lupita','',27001,'Rancho','86944'),(270012252,'La Victoria','',27001,'Ranchería','86944'),(270012253,'Santa Adela','',27001,'Rancho','86944'),(270012254,'Plan de Guadalupe','',27001,'Pueblo','86945'),(270012255,'Buena Vista','',27001,'Rancho','86945'),(270012256,'El Caoba','',27001,'Ranchería','86945'),(270012257,'El Chaparral','',27001,'Ranchería','86945'),(270012258,'El Cristo','',27001,'Ranchería','86945'),(270012259,'El Deseo','',27001,'Rancho','86945'),(270012260,'El Herradero','',27001,'Rancho','86945'),(270012261,'El Mango','',27001,'Rancho','86945'),(270012262,'El Paraíso','',27001,'Rancho','86945'),(270012263,'El Paraíso','',27001,'Ranchería','86945'),(270012264,'Fátima','',27001,'Rancho','86945'),(270012265,'La Nueva Lucha','',27001,'Rancho','86945'),(270012266,'Lontanasa','',27001,'Rancho','86945'),(270012267,'Plan de Guadalupe Sección Kilómetro 21','',27001,'Ranchería','86945'),(270012268,'San Cosme','',27001,'Ranchería','86945'),(270012269,'San José','',27001,'Rancho','86945'),(270012270,'San Nicolás','',27001,'Rancho','86945'),(270012271,'Santa Catalina','',27001,'Rancho','86945'),(270012272,'Dos Arbolitos','',27001,'Ranchería','86945'),(270012273,'Plan de Guadalupe Sección Central','',27001,'Ranchería','86945'),(270012274,'Santa Cruz','',27001,'Ranchería','86946'),(270012275,'Guajimalpa 1ra Sección','',27001,'Ranchería','86946'),(270012276,'El Faustino','',27001,'Ranchería','86946'),(270012277,'Alianza Campesina','',27001,'Rancho','86946'),(270012278,'Bienvenido','',27001,'Rancho','86946'),(270012279,'El Achotal','',27001,'Rancho','86946'),(270012280,'El Ajusco (Plan de Guadalupe)','',27001,'Ranchería','86946'),(270012281,'El Clavo','',27001,'Rancho','86946'),(270012282,'El Desengaño','',27001,'Rancho','86946'),(270012283,'El Recreo','',27001,'Rancho','86946'),(270012284,'El Retacito','',27001,'Rancho','86946'),(270012285,'El Sacrificio','',27001,'Ranchería','86946'),(270012286,'El Toro','',27001,'Rancho','86946'),(270012287,'Guajimalpa 2da. Sección','',27001,'Ranchería','86946'),(270012288,'La Esperancita','',27001,'Ranchería','86946'),(270012289,'La Gironda','',27001,'Rancho','86946'),(270012290,'La Mina','',27001,'Rancho','86946'),(270012291,'La Papaya (Manuel Rosado)','',27001,'Rancho','86946'),(270012292,'La Unión','',27001,'Rancho','86946'),(270012293,'La Victoria','',27001,'Ranchería','86946'),(270012294,'Las Minitas','',27001,'Rancho','86946'),(270012295,'Nueva Esperanza','',27001,'Rancho','86946'),(270012296,'Paraíso','',27001,'Ranchería','86946'),(270012297,'Plan de Guadalupe (El Guapaque)','',27001,'Ranchería','86946'),(270012298,'San Andrés','',27001,'Rancho','86946'),(270012299,'San Francisco','',27001,'Rancho','86946'),(270012300,'San José','',27001,'Rancho','86946'),(270012301,'San Juanito','',27001,'Rancho','86946'),(270012302,'San Judas Tadeo','',27001,'Rancho','86946'),(270012303,'San Lázaro','',27001,'Rancho','86946'),(270012304,'San Luis','',27001,'Rancho','86946'),(270012305,'San Manuel','',27001,'Ranchería','86946'),(270012306,'San Marcos','',27001,'Rancho','86946'),(270012307,'San Martín','',27001,'Rancho','86946'),(270012308,'Santa Martha','',27001,'Rancho','86946'),(270012309,'El Paraíso','',27001,'Rancho','86946'),(270012310,'El Rinconcito','',27001,'Ranchería','86946'),(270012311,'Jalisco','',27001,'Rancho','86946'),(270012312,'La Gloria','',27001,'Rancho','86946'),(270012313,'La Lucha','',27001,'Rancho','86946'),(270012314,'San Miguel','',27001,'Rancho','86946'),(270012315,'Santa Rosa','',27001,'Rancho','86946'),(270012316,'Tequisquiapan','',27001,'Rancho','86946'),(270012317,'Miguel Hidalgo Y Costilla','',27001,'Ranchería','86947'),(270012318,'El Pípila','',27001,'Ejido','86947'),(270012319,'San Elpidio (Banco De Grava)','',27001,'Ranchería','86947'),(270012320,'Ingeniero Mario Calcáneo Sánchez','',27001,'Ejido','86947'),(270012321,'Copropiedad Santa Rosenda (Chupacabras)','',27001,'Ranchería','86947'),(270012322,'El Belén','',27001,'Ranchería','86947'),(270012323,'El Cupimo','',27001,'Ranchería','86947'),(270012324,'El Dollar','',27001,'Rancho','86947'),(270012325,'El Faisán','',27001,'Rancho','86947'),(270012326,'El Jobal','',27001,'Rancho','86947'),(270012327,'El Laberinto','',27001,'Rancho','86947'),(270012328,'El Marino','',27001,'Ranchería','86947'),(270012329,'El Porvenir','',27001,'Rancho','86947'),(270012330,'La Arenita','',27001,'Ranchería','86947'),(270012331,'La Lupita','',27001,'Ranchería','86947'),(270012332,'La Palma','',27001,'Ranchería','86947'),(270012333,'Las Delicias','',27001,'Rancho','86947'),(270012334,'Los Naranjos (Sofocante)','',27001,'Rancho','86947'),(270012335,'Los Robles','',27001,'Rancho','86947'),(270012336,'Mata de la Hoja','',27001,'Ranchería','86947'),(270012337,'Miguel Hidalgo 2da. Sección','',27001,'Ranchería','86947'),(270012338,'Molino de Arroz','',27001,'Ranchería','86947'),(270012339,'Nuevo Xochimilco','',27001,'Ranchería','86947'),(270012340,'Oklahoma I','',27001,'Ranchería','86947'),(270012341,'Rafael Palmer Cámara','',27001,'Rancho','86947'),(270012342,'San Francisco','',27001,'Rancho','86947'),(270012343,'San Lazarito','',27001,'Rancho','86947'),(270012344,'San Manuel','',27001,'Rancho','86947'),(270012345,'San Miguel','',27001,'Rancho','86947'),(270012346,'San Miguel','',27001,'Ranchería','86947'),(270012347,'Santa Martha','',27001,'Rancho','86947'),(270012348,'Santa Rita','',27001,'Ranchería','86947'),(270012349,'Águilas del Norte','',27001,'Rancho','86947'),(270012350,'Campo Alto (El Tamarindo)','',27001,'Rancho','86947'),(270012351,'El Pato','',27001,'Rancho','86947'),(270012352,'El Sacrificio','',27001,'Rancho','86947'),(270012353,'La Cruz de Belén','',27001,'Rancho','86947'),(270012354,'La Pista','',27001,'Rancho','86947'),(270012355,'La Santa Cruz','',27001,'Ranchería','86947'),(270012356,'La Sultana Dos (Caba Hermanos)','',27001,'Rancho','86947'),(270012357,'Los Triángulos','',27001,'Rancho','86947'),(270012358,'María de Jesús','',27001,'Rancho','86947'),(270012359,'Nueva Esperanza','',27001,'Rancho','86947'),(270012360,'Ojo de Agua','',27001,'Rancho','86947'),(270012361,'San José Domingo','',27001,'Rancho','86947'),(270012362,'El Triunfo','',27001,'Pueblo','86950'),(270012363,'Cuauhtémoc','',27001,'Ejido','86953'),(270012364,'El Destino','',27001,'Ejido','86953'),(270012365,'Arroyo el Triunfo 1ra Sección','',27001,'Ejido','86953'),(270012366,'Quetzalcóatl (Cuatro Poblados)','',27001,'Ejido','86953'),(270012367,'Agricultores del Norte 1ra Sección','',27001,'Ejido','86954'),(270012368,'Lázaro Cárdenas','',27001,'Colonia','86954'),(270012369,'Agricultores del Norte 2da Sección','',27001,'Ejido','86954'),(270012370,'Francisco Villa','',27001,'Ejido','86954'),(270012371,'El Pichi','',27001,'Ejido','86954'),(270012372,'Veinticuatro De Junio','',27001,'Ranchería','86954'),(270012373,'Ojo de Agua','',27001,'Ejido','86954'),(270012374,'Presidente Adolfo López Mateos','',27001,'Ejido','86955'),(270012375,'Licenciado Gustavo Díaz Ordaz','',27001,'Ejido','86955'),(270012376,'Adolfo López Mateos','',27001,'Ranchería','86955'),(270012377,'Zacatecas','',27001,'Ranchería','86955'),(270012378,'Agua Negra','',27001,'Rancho','86955'),(270012379,'Cuatro Hermanos','',27001,'Rancho','86955'),(270012380,'El Chimón','',27001,'Rancho','86955'),(270012381,'El Pitayo','',27001,'Rancho','86955'),(270012382,'El Repudio','',27001,'Rancho','86955'),(270012383,'El Roble','',27001,'Rancho','86955'),(270012384,'El Rosarito','',27001,'Rancho','86955'),(270012385,'El Tintal Grande','',27001,'Rancho','86955'),(270012386,'La Escondida','',27001,'Rancho','86955'),(270012387,'La Huasteca','',27001,'Rancho','86955'),(270012388,'La Torre','',27001,'Ranchería','86955'),(270012389,'Licenciado Gustavo Díaz Ordaz 2da Sección','',27001,'Rancho','86955'),(270012390,'Los Venados','',27001,'Rancho','86955'),(270012391,'Mag','',27001,'Rancho','86955'),(270012392,'San Juan del Río','',27001,'Ranchería','86955'),(270012393,'Altamira','',27001,'Rancho','86955'),(270012394,'El Porvenir','',27001,'Rancho','86955'),(270012395,'La Gloria','',27001,'Rancho','86955'),(270012396,'San José','',27001,'Ejido','86956'),(270012397,'Tierra y Libertad','',27001,'Ejido','86956'),(270012398,'Cuatro Caminos','',27001,'Ranchería','86956'),(270012399,'El Calentano','',27001,'Ranchería','86956'),(270012400,'El Diamante','',27001,'Rancho','86956'),(270012401,'El Palomar','',27001,'Rancho','86956'),(270012402,'Elisa María (El Tani)','',27001,'Rancho','86956'),(270012403,'La Cuchilla','',27001,'Rancho','86956'),(270012404,'Palmira','',27001,'Ranchería','86956'),(270012405,'Salvador','',27001,'Rancho','86956'),(270012406,'San Carlos','',27001,'Rancho','86956'),(270012407,'San Francisco','',27001,'Rancho','86956'),(270012408,'San Jorge','',27001,'Rancho','86956'),(270012409,'San Manuel','',27001,'Rancho','86956'),(270012410,'El Coahuila','',27001,'Ranchería','86956'),(270012411,'El Naranjito','',27001,'Rancho','86956'),(270012412,'El Silencio','',27001,'Ranchería','86956'),(270012413,'El Tiradero (El Ramón)','',27001,'Rancho','86956'),(270012414,'Piedra Santa','',27001,'Rancho','86956'),(270012415,'San Felipe','',27001,'Rancho','86956'),(270012416,'Santa Isabel','',27001,'Rancho','86956'),(270012417,'Santa Rosa','',27001,'Rancho','86956'),(270012418,'El Naranjito','',27001,'Ranchería','86957'),(270012419,'El Mical','',27001,'Ejido','86957'),(270012420,'Ingeniero Emilio López Zamora','',27001,'Ranchería','86957'),(270012421,'El Barí','',27001,'Ranchería','86960'),(270012422,'Carlos A. Madrazo Becerra','',27001,'Ejido','86960'),(270012423,'La Revancha','',27001,'Ranchería','86960'),(270012424,'El Mical','',27001,'Pueblo','86960'),(270012425,'Bonanza','',27001,'Rancho','86960'),(270012426,'Isla del Carmen','',27001,'Rancho','86960'),(270012427,'La Guadalupe','',27001,'Rancho','86960'),(270012428,'Corpus Christi','',27001,'Rancho','86960'),(270012429,'Las Maravillas','',27001,'Ranchería','86960'),(270012430,'Los Gómez','',27001,'Rancho','86960'),(270012431,'Santa Cruz','',27001,'Rancho','86960'),(270012432,'Santa Rosalía','',27001,'Rancho','86960'),(270012433,'El Cambio','',27001,'Rancho','86960'),(270012434,'El Limón','',27001,'Ejido','86963'),(270012435,'Reforma (Provincia)','',27001,'Ranchería','86963'),(270012436,'Acalán','',27001,'Ejido','86963'),(270012437,'Cascadas de Reforma','',27001,'Ranchería','86963'),(270012438,'Cementerio de los Mayas (El Caballero)','',27001,'Ranchería','86963'),(270012439,'El Descanso','',27001,'Ranchería','86963'),(270012440,'Isla el Chipre','',27001,'Rancho','86963'),(270012441,'La Gloria','',27001,'Ranchería','86963'),(270012442,'Las Cumbres','',27001,'Rancho','86963'),(270012443,'Palomas','',27001,'Ranchería','86963'),(270012444,'San Antonio','',27001,'Rancho','86963'),(270012445,'San Antonio','',27001,'Ranchería','86963'),(270012446,'San Juanito','',27001,'Ranchería','86963'),(270012447,'Santa María','',27001,'Rancho','86963'),(270012448,'Zaragoza','',27001,'Ranchería','86963'),(270012449,'Cuatro Hermanos González Piña','',27001,'Rancho','86963'),(270012450,'Isla de la Doctora','',27001,'Rancho','86963'),(270012451,'Isla Francita','',27001,'Rancho','86963'),(270012452,'Isla la Botica','',27001,'Rancho','86963'),(270012453,'El Ramonal','',27001,'Ejido','86964'),(270012454,'El Capulín','',27001,'Ejido','86964'),(270012455,'Arroyo el Triunfo 2da Sección','',27001,'Ejido','86964'),(270012456,'El Chorro (El Capulín)','',27001,'Ranchería','86964'),(270012457,'Emiliano Zapata Salazar','',27001,'Ranchería','86964'),(270012458,'El Cibalito','',27001,'Ranchería','86965'),(270012459,'Último Esfuerzo','',27001,'Ejido','86965'),(270012460,'Otatal','',27001,'Ranchería','86965'),(270012461,'El Carmen','',27001,'Rancho','86965'),(270012462,'El Pozo (El Pocito)','',27001,'Ranchería','86965'),(270012463,'El Pucté','',27001,'Rancho','86965'),(270012464,'La Victoria','',27001,'Rancho','86965'),(270012465,'Nuevo Paraíso','',27001,'Rancho','86965'),(270012466,'San Francisco','',27001,'Rancho','86965'),(270012467,'Capitán Felipe Castellanos Díaz (San Pedro)','',27001,'Pueblo','86965'),(270012468,'Santa Lucía','',27001,'Rancho','86965'),(270012469,'El Tamarindo','',27001,'Rancho','86965'),(270012470,'Nueva Orma','',27001,'Rancho','86965'),(270012471,'Jolochero','',27001,'Ejido','86966'),(270012472,'Francisco I. Madero 1a Sección','',27001,'Ejido','86966'),(270012473,'Francisco I. Madero 2a Sección','',27001,'Ejido','86966'),(270012474,'El Chamizal','',27001,'Ranchería','86966'),(270012475,'Pan Duro','',27001,'Ranchería','86966'),(270012476,'Los Cenotes','',27001,'Ejido','86967'),(270012477,'Miguel Hidalgo Sacaolas','',27001,'Ejido','86967'),(270012478,'Apatzingán','',27001,'Ejido','86967'),(270012479,'Cuyos de Caoba','',27001,'Ejido','86967'),(270012480,'Vicente Lombardo Toledano','',27001,'Ejido','86967'),(270012481,'Buenavista Veintitrés','',27001,'Ejido','86967'),(270012482,'Paraíso (El Tinto)','',27001,'Ejido','86970'),(270012483,'Cibal de la Gloria','',27001,'Pueblo','86970'),(270012484,'El Achotal','',27001,'Rancho','86970'),(270012485,'La Unión','',27001,'Rancho','86970'),(270012486,'Polevar','',27001,'Rancho','86970'),(270012487,'San Carlos','',27001,'Ranchería','86970'),(270012488,'Mactún','',27001,'Pueblo','86973'),(270012489,'El Águila','',27001,'Ranchería','86973'),(270012490,'Buenavista','',27001,'Rancho','86973'),(270012491,'El Pleito','',27001,'Rancho','86973'),(270012492,'El Triunfo','',27001,'Rancho','86973'),(270012493,'La Camaronera','',27001,'Rancho','86973'),(270012494,'La Gloria','',27001,'Rancho','86973'),(270012495,'La Lucha','',27001,'Rancho','86973'),(270012496,'La Providencia','',27001,'Rancho','86973'),(270012497,'Las Carmelitas','',27001,'Rancho','86973'),(270012498,'Los Tres Hermanos','',27001,'Ranchería','86973'),(270012499,'San Francisco','',27001,'Rancho','86973'),(270012500,'San José','',27001,'Ranchería','86973'),(270012501,'Santa Rosa','',27001,'Rancho','86973'),(270012502,'Texas (Vidamar)','',27001,'Rancho','86973'),(270012503,'Tres de Mayo','',27001,'Rancho','86973'),(270012504,'El Aguacate','',27001,'Ranchería','86973'),(270012505,'Esperanza','',27001,'Rancho','86973'),(270012506,'San Antonio','',27001,'Rancho','86973'),(270012507,'Nicolás Bravo (San Nicolás)','',27001,'Ranchería','86974'),(270012508,'Las Tablas','',27001,'Ranchería','86974'),(270012509,'Caudillos del Sur','',27001,'Ejido','86974'),(270012510,'San Marcos','',27001,'Colonia','86974'),(270012511,'Altamira','',27001,'Rancho','86974'),(270012512,'Dos de Noviembre','',27001,'Ranchería','86974'),(270012513,'El Bilín','',27001,'Ranchería','86974'),(270012514,'El Sacrificio','',27001,'Rancho','86974'),(270012515,'Estapilla Tercera Ampliación','',27001,'Rancho','86974'),(270012516,'La Lucha','',27001,'Rancho','86974'),(270012517,'La Pava','',27001,'Rancho','86974'),(270012518,'La Victoria','',27001,'Rancho','86974'),(270012519,'Pucteal','',27001,'Rancho','86974'),(270012520,'San Pedro','',27001,'Ejido','86975'),(270012521,'Acatempan','',27001,'Rancho','86975'),(270012522,'Buenavista','',27001,'Ranchería','86975'),(270012523,'Canutillo (Santa Cruz)','',27001,'Rancho','86975'),(270012524,'El Cedro','',27001,'Rancho','86975'),(270012525,'La Escoba','',27001,'Ranchería','86975'),(270012526,'La Purísima','',27001,'Rancho','86975'),(270012527,'Las Cabañas','',27001,'Rancho','86975'),(270012528,'San Fernando','',27001,'Ranchería','86975'),(270012529,'San Miguel','',27001,'Rancho','86975'),(270012530,'Vista Hermosa','',27001,'Ranchería','86975'),(270012531,'La Nueva Lucha','',27001,'Rancho','86975'),(270012532,'Missicab (La Pita)','',27001,'Ejido','86976'),(270012533,'Buena Vista','',27001,'Ranchería','86976'),(270012534,'Carlos Enrique Ocampo','',27001,'Rancho','86976'),(270012535,'Catec','',27001,'Ranchería','86976'),(270012536,'El Cedro','',27001,'Ranchería','86976'),(270012537,'El Jobo','',27001,'Rancho','86976'),(270012538,'El Limoncito','',27001,'Rancho','86976'),(270012539,'El Suspiro','',27001,'Ranchería','86976'),(270012540,'El Tacistal','',27001,'Rancho','86976'),(270012541,'El Triángulo','',27001,'Rancho','86976'),(270012542,'Las Coronelas','',27001,'Rancho','86976'),(270012543,'Monte Líbano','',27001,'Rancho','86976'),(270012544,'San Carlos','',27001,'Rancho','86976'),(270012545,'San Francisco','',27001,'Rancho','86976'),(270012546,'Santa Cruz','',27001,'Ranchería','86976'),(270012547,'Santa Teresa','',27001,'Ranchería','86976'),(270012548,'Canta Rana','',27001,'Rancho','86976'),(270012549,'La Cuchilla','',27001,'Pueblo','86977'),(270012550,'Pangolar','',27001,'Ranchería','86977'),(270012551,'El Pocito','',27001,'Ranchería','86977'),(270012552,'El Nopalito','',27001,'Rancho','86977'),(270012553,'El Progreso','',27001,'Rancho','86977'),(270012554,'El Rosario','',27001,'Rancho','86977'),(270012555,'El Tuzo','',27001,'Rancho','86977'),(270012556,'El Vergel (Los Trescientos)','',27001,'Ranchería','86977'),(270012557,'Epimenio Espinoza','',27001,'Rancho','86977'),(270012558,'Hermanas Priego','',27001,'Rancho','86977'),(270012559,'La Concepción','',27001,'Rancho','86977'),(270012560,'La Cueva','',27001,'Rancho','86977'),(270012561,'La Gloria','',27001,'Ranchería','86977'),(270012562,'La Herradura','',27001,'Rancho','86977'),(270012563,'La Silvita','',27001,'Ranchería','86977'),(270012564,'Los Colorines','',27001,'Rancho','86977'),(270012565,'Los Parra','',27001,'Ranchería','86977'),(270012566,'Los Pinos','',27001,'Rancho','86977'),(270012567,'No Te Metas','',27001,'Rancho','86977'),(270012568,'Alegre','',27001,'Rancho','86977'),(270012569,'San Gregorio','',27001,'Ranchería','86977'),(270012570,'San José de Palmiras','',27001,'Ranchería','86977'),(270012571,'Santa Ana','',27001,'Rancho','86977'),(270012572,'Santa Cruz del Santuario','',27001,'Rancho','86977'),(270012573,'El Hormiguero','',27001,'Rancho','86977'),(270012574,'Las Palmas','',27001,'Rancho','86977'),(270012575,'San Antonio','',27001,'Rancho','86977'),(270012576,'San Felipe','',27001,'Rancho','86977'),(270012577,'Vista Alegre','',27001,'Rancho','86977'),(270021000,'Habanero 1ra. Sección (Venustiano Carranza)','Cárdenas',27002,'Ranchería','86580'),(270021001,'Habanero 1ra. Sección','Cárdenas',27002,'Ejido','86583'),(270021002,'General Francisco Villa','Cárdenas',27002,'Colonia','86584'),(270021003,'El Bajío 2da. Sección','Cárdenas',27002,'Ejido','86590'),(270021004,'S.A.R.H.','Cárdenas',27002,'Colonia','86596'),(270021005,'Prados de Cárdenas','Cárdenas',27002,'Fraccionamiento','86596'),(270021006,'Zolia E. Peña Falcón','Cárdenas',27002,'Colonia','86597'),(270021007,'Paso y Playa Invitab','Cárdenas',27002,'Colonia','86597'),(270021008,'Petrolera','Cárdenas',27002,'Colonia','86597'),(270021009,'Jose Eduardo de Cárdenas','Cárdenas',27002,'Colonia','86598'),(270021010,'Obrera','Cárdenas',27002,'Colonia','86598'),(270021011,'El Bajío 1ra. Sección','Cárdenas',27002,'Colonia','86598'),(270021012,'Sección 40','Cárdenas',27002,'Colonia','86599'),(270021013,'Fovissste','Cárdenas',27002,'Fraccionamiento','86599'),(270021014,'El Embudo Fovissste','Cárdenas',27002,'Colonia','86599'),(270021015,'Jardines de Tabasco','Cárdenas',27002,'Colonia','86599'),(270031523,'CETMAR','Frontera',27003,'Colonia','86750'),(270031524,'Frontera Centro','Frontera',27003,'Colonia','86750'),(270031525,'Arenal','Frontera',27003,'Fraccionamiento','86750'),(270031526,'Deportiva','Frontera',27003,'Colonia','86750'),(270031527,'Grijalva I','Frontera',27003,'Fraccionamiento','86750'),(270031528,'Grijalva II','Frontera',27003,'Fraccionamiento','86750'),(270031529,'Fovissste','Frontera',27003,'Fraccionamiento','86750'),(270031530,'Francisco Villa','Frontera',27003,'Colonia','86750'),(270031531,'Infonavit','Frontera',27003,'Colonia','86750'),(270031532,'Naval','Frontera',27003,'Fraccionamiento','86750'),(270031533,'Jacobo Nazar','Frontera',27003,'Colonia','86750'),(270031534,'Quinta Maria','Frontera',27003,'Colonia','86750'),(270031535,'Ulises Garcia','Frontera',27003,'Colonia','86750'),(270031536,'De Pescadores','Frontera',27003,'Colonia','86750'),(270031537,'Nueva Alianza','Frontera',27003,'Colonia','86750'),(270031538,'Nueva Frontera','Frontera',27003,'Colonia','86750'),(270031539,'Siglo XXI','Frontera',27003,'Fraccionamiento','86750'),(270031540,'Sol Arena y Mar','Frontera',27003,'Fraccionamiento','86750'),(270031541,'La Estrella','',27003,'Ranchería','86752'),(270031542,'La Victoria','',27003,'Ranchería','86752'),(270031543,'Nuevo Centla','',27003,'Ejido','86752'),(270031544,'Carlos Rovirosa 1ra. Sección','',27003,'Pueblo','86752'),(270031545,'Carlos Rovirosa 2da Sección','',27003,'Ranchería','86752'),(270031546,'Las Mercedes','',27003,'Ranchería','86752'),(270031547,'El Bosque','',27003,'Ranchería','86752'),(270031548,'El Pajaral (Los Pescadores)','',27003,'Ranchería','86752'),(270031549,'La Punta del Buey','',27003,'Ranchería','86752'),(270031550,'San Francisco','',27003,'Ranchería','86752'),(270031551,'El Yucatecal','',27003,'Ranchería','86752'),(270031552,'La Holanda (San Pedrito)','',27003,'Ranchería','86752'),(270031553,'San Carlos','',27003,'Ranchería','86752'),(270031554,'Santa Rita','',27003,'Ranchería','86752'),(270031555,'Santa Andrea','',27003,'Ranchería','86752'),(270031556,'Santa Ana','',27003,'Ranchería','86752'),(270031557,'El Retiro','',27003,'Ranchería','86752'),(270031558,'Arroyo Polo 2da. Sección','',27003,'Colonia','86753'),(270031559,'Felipe Carrillo Puerto Sur (Carrillón)','',27003,'Ranchería','86753'),(270031560,'Libertad de Allende','',27003,'Ranchería','86753'),(270031561,'Felipe Carrillo Puerto (Centro)','',27003,'Ranchería','86753'),(270031562,'Felipe Carrillo Puerto Norte (Carrillito)','',27003,'Ranchería','86753'),(270031563,'Llanuras de Centla','',27003,'Ranchería','86753'),(270031564,'La Bellota','',27003,'Ranchería','86753'),(270031565,'La Guadalupe','',27003,'Ranchería','86753'),(270031566,'La Encina y el Porvenir','',27003,'Ranchería','86753'),(270031567,'San Román','',27003,'Ranchería','86753'),(270031568,'Luis Echeverría Álvarez','',27003,'Ranchería','86753'),(270031569,'Punta el Manglar','',27003,'Ranchería','86753'),(270031570,'El Faisán','',27003,'Ejido','86753'),(270031571,'Arroyo Polo 1ra Sección','',27003,'Ranchería','86753'),(270031572,'Arroyo Polo 3ra Sección','',27003,'Ranchería','86753'),(270031573,'Francisco I Madero','',27003,'Pueblo','86754'),(270031574,'El Carmen 1ra. Sección','',27003,'Ranchería','86754'),(270031575,'La Constancia','',27003,'Ranchería','86754'),(270031576,'Miramar','',27003,'Ranchería','86754'),(270031577,'San Ramón','',27003,'Ranchería','86754'),(270031578,'Lerma','',27003,'Ranchería','86754'),(270031579,'El Milagro','',27003,'Ranchería','86754'),(270031580,'Isla del Buey','',27003,'Ranchería','86754'),(270031581,'El Palmar (Buenavista)','',27003,'Ranchería','86754'),(270031582,'Chichicastle 1ra Sección','',27003,'Ranchería','86756'),(270031583,'Chichicastle 2da Sección','',27003,'Ranchería','86756'),(270031584,'Chichicastle 3ra Sección','',27003,'Ranchería','86756'),(270031585,'Ribera Alta 3ra Sección','',27003,'Ranchería','86756'),(270031586,'Ribera Alta 2a Sección','',27003,'Ranchería','86756'),(270031587,'Boca de Pantoja','',27003,'Ranchería','86756'),(270031588,'Ribera Alta 2da. Sección (Salsipuedes)','',27003,'Ranchería','86756'),(270031589,'Ribera Alta Salsipuedes (Salsipuedes)','',27003,'Ejido','86756'),(270031590,'Las Tijeras','',27003,'Ejido','86756'),(270031591,'Hablan Los Hechos (Santa Rosa)','',27003,'Ejido','86756'),(270031592,'La Herradura','',27003,'Ranchería','86757'),(270031593,'Nueva Esperanza (San Pedrito)','',27003,'Ranchería','86757'),(270031594,'La Concepción','',27003,'Ranchería','86757'),(270031595,'Los Ángeles','',27003,'Ranchería','86757'),(270031596,'El Escoro','',27003,'Ranchería','86757'),(270031597,'Barra De San Pedro','',27003,'Ranchería','86757'),(270031598,'Buenos Aires','',27003,'Ranchería','86757'),(270031599,'Las Delicias','',27003,'Ranchería','86757'),(270031600,'Palo Alto (Palo Quemado)','',27003,'Ranchería','86757'),(270031601,'El Refugio','',27003,'Ranchería','86757'),(270031602,'Tembladeras','',27003,'Ranchería','86757'),(270031603,'El Porvenir (De Quintín Arauz)','',27003,'Ranchería','86757'),(270031604,'El Tulipán','',27003,'Ranchería','86757'),(270031605,'El Pitayo','',27003,'Ranchería','86757'),(270031606,'Nueva Esperanza De Quintín Aráuz','',27003,'Pueblo','86758'),(270031607,'Ribera Alta 1ra Sección','',27003,'Ranchería','86758'),(270031608,'Tres Brazos','',27003,'Ranchería','86758'),(270031609,'Chilapa 1ra Sección (Margen Derecha)','',27003,'Ranchería','86759'),(270031610,'Escobas (Chilapa Escoba)','',27003,'Ranchería','86759'),(270031611,'Chilapa 1ra. Sección (Margen Izquierda)','',27003,'Ranchería','86759'),(270031612,'Boca de Chilapa','',27003,'Ejido','86759'),(270031613,'Miguel Hidalgo','',27003,'Ranchería','86759'),(270031614,'Los Ídolos (Margen Derecha)','',27003,'Ranchería','86759'),(270031615,'Augusto Gómez Villanueva','',27003,'Ranchería','86759'),(270031616,'Chilapa 2da Sección','',27003,'Ranchería','86759'),(270031617,'Los Ídolos Margen Izquierda','',27003,'Ranchería','86759'),(270031618,'Rómulo Cachón Ponce (Hormiguero)','',27003,'Ranchería','86759'),(270031619,'Constancia y Venecia','',27003,'Ejido','86760'),(270031620,'Ignacio Allende','',27003,'Pueblo','86760'),(270031621,'Emiliano Zapata','',27003,'Ranchería','86761'),(270031622,'Ignacio Zaragoza','',27003,'Ranchería','86761'),(270031623,'Jalapita','',27003,'Ejido','86761'),(270031624,'La Unión','',27003,'Ranchería','86761'),(270031625,'Vicente Guerrero','',27003,'Pueblo','86761'),(270031626,'El Guajuco','',27003,'Ranchería','86762'),(270031627,'Álvaro Obregón (Santa Cruz)','',27003,'Colonia','86762'),(270031628,'Benito Juárez','',27003,'Ranchería','86762'),(270031629,'Benito Juárez','',27003,'Ejido','86762'),(270031630,'Gobernador Cruz','',27003,'Ranchería','86762'),(270031631,'Cuauhtémoc','',27003,'Pueblo','86762'),(270031632,'Simón Sarlat','',27003,'Pueblo','86762'),(270031633,'Tabasquillo 1a Secc','',27003,'Ranchería','86762'),(270031634,'Tabasquillo 2a Secc','',27003,'Ranchería','86762'),(270031635,'San Roque','',27003,'Ranchería','86762'),(270031636,'El Limón (De Vicente Guerrero)','',27003,'Ranchería','86762'),(270031637,'Las Porfías','',27003,'Ranchería','86762'),(270031638,'Pico de Oro','',27003,'Ranchería','86762'),(270031639,'Ribera Alta de Cuauhtémoc','',27003,'Ranchería','86762'),(270031640,'El Carmen 2da Sección','',27003,'Ranchería','86762'),(270031641,'Kilómetro 18','',27003,'Ranchería','86762'),(270031642,'El Limón de Simón Sarlat','',27003,'Ranchería','86762'),(270031643,'San Juan','',27003,'Ranchería','86763'),(270031644,'San Juanito De Tres Brazos','',27003,'Ranchería','86763'),(270031645,'La Suiza','',27003,'Ranchería','86763'),(270031646,'San Lorenzo','',27003,'Ranchería','86764'),(270031647,'José María Morelos y Pavón','',27003,'Ranchería','86764'),(270031648,'Francisco Villa','',27003,'Ranchería','86764'),(270031649,'Miguel Hidalgo 1ra. Sección','',27003,'Ranchería','86764'),(270031650,'Chicozapote 1ra. Sección','',27003,'Ranchería','86764'),(270031651,'Chicozapote 2a Sección','',27003,'Ranchería','86765'),(270031652,'San José del Carmen','',27003,'Ranchería','86765'),(270031653,'La Suiza Uno (San Martín)','',27003,'Ranchería','86765'),(270031654,'Buena Vista','',27003,'Ranchería','86767'),(270031655,'Potrerillo','',27003,'Ranchería','86767'),(270031656,'El Porvenir','',27003,'Ranchería','86767'),(270031657,'Boca Grande 1ra Sección','',27003,'Ranchería','86767'),(270031658,'La Montaña','',27003,'Ranchería','86768'),(270031659,'El Triunfo','',27003,'Ranchería','86768'),(270031660,'Gregorio Méndez Magaña','',27003,'Ranchería','86768'),(270031661,'La Pimienta','',27003,'Ranchería','86768'),(270031662,'La Sábana','',27003,'Ranchería','86768'),(270031663,'Cañaveral','',27003,'Ranchería','86768'),(270031664,'Carlos A. Madrazo','',27003,'Ranchería','86768'),(270031665,'Francisco Villa (Guano Solo)','',27003,'Ranchería','86768'),(270031666,'Miguel Hidalgo 2da Sección','',27003,'Ranchería','86768'),(270031667,'Adolfo López Mateos','',27003,'Ranchería','86768'),(270031668,'El Bellote','',27003,'Ranchería','86768'),(270031669,'Lázaro Cárdenas','',27003,'Ejido','86768'),(270051087,'El Guayo 1a Secc (San José)','',27005,'Ranchería','86630'),(270051088,'El Guayo 2a Secc','',27005,'Ranchería','86630'),(270051089,'El Guayo 3a Secc','',27005,'Ranchería','86630'),(270051090,'Emiliano Zapata 1ra. Sección','',27005,'Ranchería','86630'),(270051091,'Hermenegildo Galeana','',27005,'Ranchería','86630'),(270051092,'Lázaro Cárdenas 1a Secc','',27005,'Ejido','86630'),(270051093,'Lázaro Cárdenas 3ra. Sección','',27005,'Ranchería','86630'),(270051094,'Emiliano Zapata 2da. Sección','',27005,'Ranchería','86630'),(270051095,'Ignacio Gutiérrez Gómez','',27005,'Ranchería','86630'),(270051096,'Arroyo Hondo 4ta. Sección','',27005,'Ranchería','86630'),(270051097,'Carlos Greene 3a Sección','',27005,'Ranchería','86630'),(270051098,'Carlos Greene 4a Sección','',27005,'Ranchería','86630'),(270051099,'Lázaro Cárdenas 2da. Sección (El Retiro)','',27005,'Ejido','86630'),(270051100,'Francisco I Madero 1a Secc','',27005,'Ranchería','86640'),(270051101,'Francisco I Madero 2a Secc','',27005,'Ranchería','86640'),(270051102,'Gregorio Méndez 2da. Sección','',27005,'Ranchería','86640'),(270051103,'Gregorio Mendez 3a Secc','',27005,'Ranchería','86640'),(270051104,'Miguel Hidalgo','',27005,'Ranchería','86640'),(270051105,'Tecolutilla','',27005,'Pueblo','86640'),(270051106,'Reyes Hernández 1ra. Sección','',27005,'Ranchería','86640'),(270051107,'Aldama','',27005,'Pueblo','86640'),(270051108,'León Zárate 1ra. Sección','',27005,'Ranchería','86640'),(270051109,'Aldama 3ra. Sección (Huapacalito)','',27005,'Ranchería','86640'),(270051110,'Aldama 4ta. Sección (El Naranjito)','',27005,'Pueblo','86640'),(270051111,'Belisario Dominguez','',27005,'Ranchería','86640'),(270051112,'Betania','',27005,'Ranchería','86640'),(270051113,'León Zárate 2da. Sección','',27005,'Ranchería','86640'),(270051114,'Sur Aldama','',27005,'Ranchería','86640'),(270051115,'Aldama 2da. Sección (Fernando Segovia)','',27005,'Ranchería','86640'),(270051116,'Progreso Tular 1ra. Sección','',27005,'Ranchería','86643'),(270051117,'Centro Tular 1ra. Sección','',27005,'Ranchería','86643'),(270051118,'Centro Tular 2da. Sección','',27005,'Ranchería','86643'),(270051119,'José María Pino Suárez 1ra. Sección','',27005,'Ranchería','86643'),(270051120,'José María Pino Suárez 2da. Sección','',27005,'Ranchería','86643'),(270051121,'Tránsito Tular','',27005,'Ranchería','86643'),(270051122,'Chicozapote','',27005,'Ranchería','86643'),(270051123,'Progreso Tular 2da. Sección','',27005,'Ranchería','86643'),(270051124,'José María Pino Suárez 3ra. Sección (Corinto)','',27005,'Ranchería','86643'),(270051125,'Ignacio Zaragoza 1ra. Sección','',27005,'Ranchería','86644'),(270051126,'Ignacio Zaragoza 2da. Sección','',27005,'Ranchería','86644'),(270051127,'Patastal 1ra. Sección','',27005,'Ranchería','86644'),(270051128,'Patastal 2da. Sección','',27005,'Ranchería','86644'),(270051129,'Patastal 3ra. Sección','',27005,'Ranchería','86644'),(270051130,'Tío Moncho (Urania Franyutti de Vázquez)','',27005,'Ranchería','86644'),(270051131,'Ignacio Zaragoza 4ta. Sección (San Andrés)','',27005,'Ranchería','86644'),(270051132,'Cocohital','',27005,'Pueblo','86645'),(270051133,'Ignacio Zaragoza 3ra. Sección','',27005,'Ranchería','86645'),(270051134,'Norte 2a Secc','',27005,'Ranchería','86650'),(270051135,'Occidente 1a Secc','',27005,'Ranchería','86650'),(270051136,'Occidente 2a Secc','',27005,'Ranchería','86650'),(270051137,'Independencia 1ra. Sección','',27005,'Ranchería','86650'),(270051138,'Occidente 3a Sección','',27005,'Ranchería','86650'),(270051139,'Occidente 4a Sección','',27005,'Ranchería','86650'),(270051140,'San Fernando (Pueblo Nuevo)','',27005,'Ranchería','86650'),(270051141,'Zapotal 2da. Sección','',27005,'Ranchería','86652'),(270051142,'Zapotal 1ra. Sección','',27005,'Ranchería','86652'),(270051143,'Gregorio Méndez 4ta. Sección (El Santiago)','',27005,'Ranchería','86652'),(270051144,'Zapotal 3ra. Sección','',27005,'Ranchería','86652'),(270051145,'Sargento López 1ra. Sección','',27005,'Ranchería','86654'),(270051146,'Sgto. López 2a Secc (El Chuzo)','',27005,'Ranchería','86654'),(270051147,'Sargento López 3ra. Sección (San Jorge)','',27005,'Ranchería','86654'),(270051148,'Guatemalán','',27005,'Ranchería','86654'),(270051149,'Sargento López 4a Secc','',27005,'Ranchería','86654'),(270051150,'Reyes Hernández 2da. Sección','',27005,'Pueblo','86655'),(270051151,'Gregorio Méndez 1ra. Sección','',27005,'Ranchería','86655'),(270051152,'Sur 2a Secc (La Trinidad)','',27005,'Ranchería','86657'),(270051153,'Sur 3a Secc (El Zapote)','',27005,'Ranchería','86657'),(270051154,'San Joaquín','',27005,'Fraccionamiento','86658'),(270051155,'Oriente 2da. Sección (San Cayetano)','',27005,'Ranchería','86658'),(270051156,'Sur 1ra. Sección','',27005,'Ranchería','86658'),(270051157,'Sur 4ta. Sección','',27005,'Ranchería','86658'),(270051158,'Oriente 4ta. Sección (Tripa Ciega)','',27005,'Ranchería','86658'),(270051159,'Sur 5ta. Sección','',27005,'Ranchería','86658'),(270051160,'Oriente 3a Secc','',27005,'Ranchería','86658'),(270051161,'Oriente 5a Secc (La Candelaria)','',27005,'Ranchería','86658'),(270051162,'Oriente 6ta. Sección (Los Mulatos)','',27005,'Ranchería','86658'),(270051163,'Arena 2a Secc','',27005,'Ranchería','86660'),(270051164,'Arroyo Hondo 1ra. Sección (Guácimo)','',27005,'Ranchería','86660'),(270051165,'Arroyo Hondo 3a Secc','',27005,'Ranchería','86660'),(270051166,'Carlos Greene','',27005,'Ranchería','86660'),(270051167,'Arroyo Hondo 2da. Sección','',27005,'Ranchería','86660'),(270051168,'Carlos Greene 2da. Sección','',27005,'Ranchería','86660'),(270051169,'Arena 1ra. Sección','',27005,'Ranchería','86660'),(270051170,'Arena 3ra. Sección','',27005,'Ranchería','86660'),(270051171,'Arena 4ta. Sección','',27005,'Ranchería','86660'),(270051172,'Arena 5a Sección','',27005,'Ranchería','86660'),(270051173,'Arena 6ta Sección (La Bolsa)','',27005,'Ranchería','86660'),(270051174,'La Quinta','',27005,'Fraccionamiento','86670'),(270051175,'Norte 1ra. Sección (Buena Vista)','',27005,'Ranchería','86670'),(270051176,'Oriente 1ra. Sección','',27005,'Ranchería','86670'),(270051177,'Francisco Trujillo Gurría','',27005,'Ranchería','86670'),(270051178,'Jesús Carranza','',27005,'Ranchería','86670'),(270051179,'Cupilco','',27005,'Pueblo','86670'),(270051180,'Cuxcuxapa','',27005,'Ranchería','86670'),(270051181,'Chichicapa','',27005,'Pueblo','86670'),(270051182,'Independencia 2a Secc','',27005,'Ranchería','86670'),(270051183,'Paso de Cupilco','',27005,'Ranchería','86670'),(270051184,'El Ángel','',27005,'Ranchería','86670'),(270051185,'Independencia 3a Sección','',27005,'Ranchería','86670'),(270051186,'Champa de Cupilco','',27005,'Ranchería','86670'),(270051187,'Lagartera','',27005,'Ranchería','86670'),(270051188,'Novillero 4a Sección','',27005,'Ranchería','86670'),(270051189,'Carlos Pellicer Cámara','',27005,'Ranchería','86670'),(270051190,'Uspí','',27005,'Ranchería','86670'),(270051191,'Potrerillo','',27005,'Ranchería','86670'),(270051192,'Oriente 1a Secc (Santo Domingo)','',27005,'Ranchería','86670'),(270051193,'Gobernadores','',27005,'Colonia','86670'),(270061194,'Amado Gómez','',27006,'Pueblo','86680'),(270061195,'Casa Blanca 1a Secc','',27006,'Ejido','86680'),(270061196,'Casa Blanca 2a Secc','',27006,'Ejido','86680'),(270061197,'José María Pino Suárez','',27006,'Ejido','86680'),(270061198,'La Lucha','',27006,'Ejido','86680'),(270061199,'Libertad','',27006,'Pueblo','86680'),(270061200,'Tierra y Libertad','',27006,'Pueblo','86680'),(270061201,'Libertad 4ta. Sección (Vicente Guerrero)','',27006,'Pueblo','86680'),(270061202,'El Tular','',27006,'Ejido','86680'),(270061203,'Libertad 5ta Sección','',27006,'Ejido','86680'),(270061204,'Libertad 6ta. Sección (Los Martínez)','',27006,'Ejido','86680'),(270061205,'Enrique González Pedrero','',27006,'Ejido','86680'),(270061206,'Ignacio Zaragoza','',27006,'Ejido','86680'),(270061207,'Río Seco 1ra Sección','',27006,'Ranchería','86680'),(270061208,'Mantilla','',27006,'Ranchería','86681'),(270061209,'La Piedra 3ra Sección','',27006,'Ranchería','86681'),(270061210,'Yoloxóchitl 2da Sección','',27006,'Ranchería','86681'),(270061211,'Once de Febrero 2da Sección','',27006,'Ejido','86681'),(270061212,'Santa Lucía','',27006,'Ejido','86681'),(270061213,'San Rafael','',27006,'Ejido','86681'),(270061214,'La Chonita','',27006,'Ejido','86682'),(270061215,'Monterrey','',27006,'Ejido','86682'),(270061216,'Río Seco 3ra. Sección (La Playita)','',27006,'Ejido','86682'),(270061217,'Reforma','',27006,'Ejido','86683'),(270061218,'Libertad 2da Sección','',27006,'Ranchería','86683'),(270061219,'El Tunal','',27006,'Ejido','86684'),(270061220,'Alianza para la Producción','',27006,'Ejido','86684'),(270061221,'Domingo Amado Brito Salgado','',27006,'Ranchería','86684'),(270061222,'Libertad 3ra. Sección (Monte Grande)','',27006,'Ejido','86684'),(270061223,'Miahuatlán 1ra Sección','',27006,'Ranchería','86686'),(270061224,'Yoloxóchitl 1ra Sección','',27006,'Ranchería','86686'),(270061225,'La Piedra 1ra. Sección','',27006,'Ranchería','86686'),(270061226,'Miahuatlan 3a Secc','',27006,'Ranchería','86686'),(270061227,'Yoloxóchitl 3ra Sección','',27006,'Ranchería','86686'),(270061228,'La Isla','',27006,'Ejido','86686'),(270061229,'Yoloxóchitl 2da. Sección (San Severo)','',27006,'Ejido','86686'),(270061230,'Miahuatlán (San Gregorio)','',27006,'Ejido','86686'),(270061231,'Felipe Carrillo Puerto','',27006,'Ejido','86687'),(270061232,'Río Seco 2da. Sección (Santiaguito)','',27006,'Ranchería','86687'),(270061233,'Santo Tomás','',27006,'Ejido','86687'),(270061234,'Buenaventura','',27006,'Ejido','86687'),(270061235,'Once de Febrero 1ra Sección','',27006,'Pueblo','86687'),(270061236,'Carlos Rovirosa (Tulipán)','',27006,'Pueblo','86687'),(270061237,'Mantilla','',27006,'Ejido','86687'),(270061238,'Torino','Cunduacán',27006,'Fraccionamiento','86690'),(270061239,'Cunduacán (El Moté)','',27006,'Ejido','86690'),(270061240,'Jardines del Bosque','Cunduacán',27006,'Fraccionamiento','86690'),(270061241,'El Carmelo','Cunduacán',27006,'Colonia','86690'),(270061242,'Loma Bonita','Cunduacán',27006,'Fraccionamiento','86690'),(270061243,'Cunduacán Centro','Cunduacán',27006,'Colonia','86690'),(270061244,'Huacapa y Amestoy','',27006,'Ranchería','86690'),(270061245,'Abraham de La Cruz','Cunduacán',27006,'Colonia','86690'),(270061246,'Atenas 2000','Cunduacán',27006,'Fraccionamiento','86690'),(270061247,'Cristal','Cunduacán',27006,'Colonia','86690'),(270061248,'Cunduacan 2000','Cunduacán',27006,'Fraccionamiento','86690'),(270061249,'Emiliano Zapata','Cunduacán',27006,'Colonia','86690'),(270061250,'Esperanza','Cunduacán',27006,'Colonia','86690'),(270061251,'La Finca','Cunduacán',27006,'Fraccionamiento','86690'),(270061252,'José María Morelos y Pavón (Morelitos)','Cunduacán',27006,'Colonia','86690'),(270061253,'Obrera','Cunduacán',27006,'Colonia','86690'),(270061254,'Manuel Sanchez Mármol','Cunduacán',27006,'Colonia','86690'),(270061255,'Alianza','Cunduacán',27006,'Ejido','86690'),(270061256,'San Antonio INVITAB','Cunduacán',27006,'Fraccionamiento','86690'),(270061257,'Playa Azul','Cunduacán',27006,'Fraccionamiento','86690'),(270061258,'Magisterial','Cunduacán',27006,'Colonia','86690'),(270061259,'Burócratas','Cunduacán',27006,'Colonia','86690'),(270061260,'Benito Juárez','',27006,'Colonia','86690'),(270061261,'Ceconca','Cunduacán',27006,'Fraccionamiento','86690'),(270061262,'Pechucalco','',27006,'Pueblo','86692'),(270061263,'Huimango 1ra Sección','',27006,'Ejido','86692'),(270061264,'La Piedra 4ta Sección','',27006,'Ranchería','86693'),(270061265,'Huimango 1ra. Sección (La Esperanza)','',27006,'Ejido','86693'),(270061266,'Huimango 2da Sección','',27006,'Ranchería','86693'),(270061267,'La Piedra 2da Sección','',27006,'Ejido','86693'),(270061268,'Pechucalco 2da. Sección (Las Cruces)','',27006,'Ranchería','86693'),(270061269,'Huimango 3ra Sección (Los Cerros)','',27006,'Ranchería','86693'),(270061270,'Emiliano Zapata (San Mateo)','',27006,'Ejido','86693'),(270061271,'Huimango 2da. Sección (La Mona)','',27006,'Ejido','86693'),(270061272,'Morelos Piedra 3ra. Sección','',27006,'Ejido','86693'),(270061273,'El Palmar','',27006,'Ejido','86693'),(270061274,'Cúlico 2da. Sección','',27006,'Ranchería','86694'),(270061275,'Cúlico 1ra. Sección','',27006,'Pueblo','86694'),(270061276,'Anta','',27006,'Ranchería','86694'),(270061277,'Huimango','',27006,'Pueblo','86695'),(270061278,'Ceiba 1ra Sección (Jahuactal)','',27006,'Ranchería','86696'),(270061279,'Dos Ceibas','',27006,'Ejido','86696'),(270061280,'Gregorio Méndez','',27006,'Pueblo','86696'),(270061281,'Rancho Nuevo','',27006,'Ejido','86696'),(270061282,'Anta y Cúlico (Santa Rita)','',27006,'Pueblo','86696'),(270061283,'Buenos Aires','',27006,'Ranchería','86696'),(270061284,'Huapacal 1a Secc','',27006,'Ranchería','86696'),(270061285,'Los Cerros','',27006,'Ranchería','86696'),(270061286,'Cunduacán (San Pedro)','',27006,'Ejido','86696'),(270061287,'Huapacal 2da. Sección','',27006,'Ranchería','86696'),(270061288,'Santa Isabel','',27006,'Ranchería','86696'),(270061289,'Los Cedros','',27006,'Ranchería','86696'),(270061290,'Marín','',27006,'Ejido','86697'),(270061291,'Cumuapa 1a Secc','',27006,'Ranchería','86697'),(270061292,'Plátano 1ra. Sección','',27006,'Ranchería','86697'),(270061293,'Plátano 2da. Sección','',27006,'Ranchería','86697'),(270061294,'San Eligio','',27006,'Ejido','86697'),(270061295,'Laguna de Cucuyulapa','',27006,'Ejido','86697'),(270061296,'Colima','',27006,'Ejido','86697'),(270061297,'San Pedro Cumuapa','',27006,'Ejido','86697'),(270061298,'El Carmen (Cumuapa)','',27006,'Ejido','86697'),(270061299,'Cumuapa 2da Sección','',27006,'Ranchería','86697'),(270061300,'Felipe Galván','',27006,'Ejido','86697'),(270061301,'General Francisco J. Mújica','',27006,'Ejido','86697'),(270061302,'Oscar Gómez Sáuz','',27006,'Colonia','86697'),(270061303,'Mario Barrueta García','',27006,'Colonia','86697'),(270061304,'Miahuatlán 2da Sección','',27006,'Ranchería','86698'),(270061305,'Cucuyulapa','',27006,'Pueblo','86698'),(270061306,'Cucuyulapa 2da. Sección (Puente Samaria)','',27006,'Ranchería','86698'),(270061307,'Miahuatlán (San Nicolás)','',27006,'Ejido','86698'),(270072578,'La Isla','',27007,'Ranchería','86980'),(270072579,'Emiliano Zapata (Sección Jobal)','',27007,'Ejido','86982'),(270072580,'Emiliano Zapata Pochote','',27007,'Ejido','86982'),(270072581,'Emiliano Zapata El Avispero','',27007,'Ejido','86982'),(270072582,'Manuel Andrade Díaz','',27007,'Fraccionamiento','86983'),(270072583,'Chablé','',27007,'Pueblo','86983'),(270072584,'Nuevo Chablé','',27007,'Ejido','86983'),(270072585,'Nuevo Pochote','',27007,'Ejido','86983'),(270072586,'Boca de Chacamax','',27007,'Ranchería','86984'),(270072587,'Tres Letras','',27007,'Ranchería','86984'),(270072588,'El Cuyo','',27007,'Ejido','86984'),(270072589,'Paso de San Román','',27007,'Ejido','86984'),(270072590,'Chacaj','',27007,'Ejido','86985'),(270072591,'Mariché','',27007,'Ranchería','86985'),(270072592,'Pocvicuc','',27007,'Ranchería','86985'),(270072593,'Corozal','',27007,'Ranchería','86985'),(270072594,'Concepción','',27007,'Ranchería','86985'),(270072595,'Chacama','',27007,'Pueblo','86985'),(270072596,'Cacao Zona Baja','',27007,'Ejido','86985'),(270072597,'Cacao Zona Alta','',27007,'Ejido','86985'),(270072598,'Cacao','',27007,'Ranchería','86986'),(270072599,'Río Final','',27007,'Ranchería','86986'),(270072600,'La Esperanza','',27007,'Colonia','86986'),(270072601,'La Pita','',27007,'Ranchería','86988'),(270072602,'Aguacate','',27007,'Ranchería','86988'),(270072603,'Buena Vista','',27007,'Ranchería','86988'),(270072604,'Gregorio Méndez Magaña (Pénjamo)','',27007,'Pueblo','86989'),(270072605,'Reforma','',27007,'Ejido','86989'),(270072606,'Emiliano Zapata Centro','Emiliano Zapata',27007,'Colonia','86990'),(270072607,'Tierra y Libertad','Emiliano Zapata',27007,'Fraccionamiento','86992'),(270072608,'Ganadera','Emiliano Zapata',27007,'Colonia','86992'),(270072609,'Los Pescadores','Emiliano Zapata',27007,'Colonia','86992'),(270072610,'Pedregal de Montecristo','Emiliano Zapata',27007,'Colonia','86992'),(270072611,'Unidos en Solidaridad','Emiliano Zapata',27007,'Colonia','86992'),(270072612,'Bajos Usumacinta','Emiliano Zapata',27007,'Fraccionamiento','86992'),(270072613,'San Bartolo','Emiliano Zapata',27007,'Colonia','86992'),(270072614,'El Campanario','Emiliano Zapata',27007,'Fraccionamiento','86992'),(270072615,'Arboledas','Emiliano Zapata',27007,'Colonia','86992'),(270072616,'Barrio Olvidado','Emiliano Zapata',27007,'Colonia','86993'),(270072617,'El Tucuy','Emiliano Zapata',27007,'Colonia','86993'),(270072618,'Heriberto Cabrera','Emiliano Zapata',27007,'Colonia','86993'),(270072619,'Elda y Jose','Emiliano Zapata',27007,'Colonia','86994'),(270072620,'Tierra Montecristo','Emiliano Zapata',27007,'Colonia','86994'),(270072621,'Despertar Magisterial','Emiliano Zapata',27007,'Fraccionamiento','86994'),(270072622,'El Mangal','Emiliano Zapata',27007,'Colonia','86994'),(270072623,'Ecologista','Emiliano Zapata',27007,'Colonia','86995'),(270072624,'Colonos del Usumacinta','Emiliano Zapata',27007,'Colonia','86995'),(270072625,'Municipal','Emiliano Zapata',27007,'Colonia','86995'),(270072626,'El Cerrito','Emiliano Zapata',27007,'Colonia','86996'),(270072627,'Santa Isabel','Emiliano Zapata',27007,'Colonia','86996'),(270072628,'Carlos A Madrazo','Emiliano Zapata',27007,'Fraccionamiento','86996'),(270072629,'Luis Donaldo Colosio','Emiliano Zapata',27007,'Colonia','86996'),(270072630,'Banrural','Emiliano Zapata',27007,'Colonia','86996'),(270072631,'Lázaro Cárdenas','Emiliano Zapata',27007,'Colonia','86996'),(270072632,'Luis Donaldo Colosio II','Emiliano Zapata',27007,'Colonia','86996'),(270072633,'Militar','Emiliano Zapata',27007,'Unidad habitacional','86996'),(270072634,'El Mirador','Emiliano Zapata',27007,'Colonia','86996'),(270072635,'Buenavista','Emiliano Zapata',27007,'Colonia','86996'),(270072636,'Último Esfuerzo','Emiliano Zapata',27007,'Colonia','86996'),(270072637,'El Recreo','Emiliano Zapata',27007,'Colonia','86997'),(270072638,'Las Lomas','Emiliano Zapata',27007,'Colonia','86997'),(270072639,'La Ceiba','Emiliano Zapata',27007,'Colonia','86997'),(270072640,'La Esperanza','Emiliano Zapata',27007,'Colonia','86998'),(270072641,'El Piedral','Emiliano Zapata',27007,'Colonia','86998'),(270072642,'José Lehman Ocampo','Emiliano Zapata',27007,'Colonia','86998'),(270072643,'Santa Cruz','Emiliano Zapata',27007,'Colonia','86998'),(270072644,'Buenos Aires','Emiliano Zapata',27007,'Colonia','86998'),(270072645,'Santa Fé','Emiliano Zapata',27007,'Colonia','86998'),(270091818,'Benito González','',27009,'Colonia','86830'),(270091819,'Santo Domingo 2da. Sección','',27009,'Ejido','86830'),(270091820,'Tequila','',27009,'Ejido','86830'),(270091821,'Tequila 1ra. Sección (La Aurora)','',27009,'Ranchería','86830'),(270091822,'Tequila 2da. Sección','',27009,'Ranchería','86830'),(270091823,'Tequila 3ra. Sección (Independencia)','',27009,'Ranchería','86830'),(270091824,'Tequila 4ta. Sección','',27009,'Ranchería','86830'),(270091825,'Víctor Fernández Manero 1ra. Sección (San Antonio)','',27009,'Ranchería','86834'),(270091826,'Mérida y Guarumo','',27009,'Ranchería','86834'),(270091827,'Lomas de Vidal','',27009,'Ranchería','86834'),(270091828,'Puerto Rico','',27009,'Ranchería','86834'),(270091829,'Santo Domingo 1ra. Sección (El Llano)','',27009,'Ejido','86835'),(270091830,'Víctor Fernández Manero 2da. Sección (San Miguel)','',27009,'Ranchería','86835'),(270091831,'Víctor Fernández Manero 3ra. Sección (San Isidro)','',27009,'Ranchería','86835'),(270091832,'San Cristóbal 1ra. Sección','',27009,'Ranchería','86836'),(270091833,'Aquiles Serdán 5ta. Sección','',27009,'Ranchería','86836'),(270091834,'San Cristóbal 2da. Sección','',27009,'Ranchería','86836'),(270091835,'Aquiles Serdán 2da. Sección','',27009,'Ranchería','86837'),(270091836,'Aquiles Serdán 1ra. Sección','',27009,'Pueblo','86837'),(270091837,'Aquiles Serdán 4ta. Sección','',27009,'Ranchería','86837'),(270091838,'Aquiles Serdán 3ra. Sección (San Román)','',27009,'Ranchería','86837'),(270091839,'San Miguel Afuera','',27009,'Ranchería','86840'),(270091840,'Jalapa','',27009,'Ejido','86840'),(270091841,'Chipilinar 1ra. Sección','',27009,'Ranchería','86843'),(270091842,'Chipilinar 4ta. Sección','',27009,'Ranchería','86843'),(270091843,'San Marcos','',27009,'Ranchería','86843'),(270091844,'Chipilinar 3ra. Sección','',27009,'Ejido','86843'),(270091845,'Chipilinar 1ra. Sección (Guayacán)','',27009,'Ranchería','86843'),(270091846,'Chipilinar 1ra. Sección la Lima','',27009,'Ranchería','86843'),(270091847,'Chipilinar 2da. Sección (Contreras)','',27009,'Ranchería','86843'),(270091848,'San Juan el Alto 1ra. Sección','',27009,'Ranchería','86844'),(270091849,'San Juan el Alto 2da. Sección','',27009,'Ranchería','86845'),(270091850,'Chichonal 4ta. Sección','',27009,'Ranchería','86845'),(270091851,'Chichonal 1ra. Sección','',27009,'Ranchería','86846'),(270091852,'San Miguel Afuera','',27009,'Ejido','86846'),(270091853,'San Miguel Adentro 1ra. Sección','',27009,'Ranchería','86846'),(270091854,'San Miguel Adentro 2da. Sección','',27009,'Ranchería','86846'),(270091855,'El Cerro','',27009,'Ranchería','86846'),(270091856,'Chichonal 2da. Sección','',27009,'Ranchería','86846'),(270091857,'Chichonal 3ra. Sección (La Capilla)','',27009,'Ranchería','86846'),(270091858,'Jalapa','',27009,'Pueblo','86850'),(270091859,'Jalapa','',27009,'Fraccionamiento','86850'),(270091860,'Jahuacapa (Puente Grande)','',27009,'Ejido','86853'),(270091861,'Jahuacapa','',27009,'Pueblo','86853'),(270091862,'Astapa','',27009,'Pueblo','86854'),(270091863,'Francisco J. Santamaría (Cacao)','',27009,'Pueblo','86854'),(270091864,'El Dorado','',27009,'Ejido','86854'),(270091865,'La Unión (Clavo de la Victoria)','',27009,'Ranchería','86854'),(270091866,'Emiliano Zapata','',27009,'Ejido','86855'),(270091867,'Río de Teapa','',27009,'Ranchería','86855'),(270091868,'Progreso','',27009,'Ranchería','86855'),(270091869,'Calicanto 1ra. Sección','',27009,'Ranchería','86860'),(270091870,'Calicanto 2da. Sección','',27009,'Ranchería','86860'),(270091871,'Huapacal 1ra. Sección','',27009,'Ranchería','86860'),(270091872,'Huapacal 2da. Sección','',27009,'Ranchería','86860'),(270091873,'Calicanto (Rinconada)','',27009,'Ejido','86860'),(270091874,'Calicanto 3ra. Sección','',27009,'Ranchería','86860'),(270091875,'Montaña','',27009,'Ejido','86863'),(270091876,'Puyacatengo Norte','',27009,'Ranchería','86864'),(270091877,'Puyacatengo Sur','',27009,'Ranchería','86864'),(270091878,'Guanal 3ra. Sección (Guanalito)','',27009,'Ranchería','86864'),(270091879,'Guanal 2da. Sección','',27009,'Ranchería','86864'),(270091880,'Guanal 1ra. Sección','',27009,'Ranchería','86864'),(270091881,'Montaña','',27009,'Ranchería','86865'),(270111670,'José María Pino Suárez (San Pedro)','',27011,'Pueblo','86770'),(270111671,'Esquipulas','',27011,'Ranchería','86771'),(270111672,'Hidalgo y Tamarindo','',27011,'Ranchería','86771'),(270111673,'El Chochal','',27011,'Ranchería','86773'),(270111674,'Sacrificio','',27011,'Ranchería','86774'),(270111675,'Santa Anita del Rosario','',27011,'Ranchería','86774'),(270111676,'Ribera Baja 1ra Sección A','',27011,'Ranchería','86774'),(270111677,'Sitio Nuevo','',27011,'Ranchería','86775'),(270111678,'Las Palmas','',27011,'Ranchería','86775'),(270111679,'San José Jimbal','',27011,'Ranchería','86775'),(270111680,'San Jose','',27011,'Ranchería','86776'),(270111681,'San Miguel','',27011,'Ranchería','86776'),(270111682,'Francisco J Mújica','',27011,'Ranchería','86776'),(270111683,'Elpidio Sánchez','',27011,'Ranchería','86776'),(270111684,'Torno de la Bola','',27011,'Ranchería','86777'),(270111685,'Ribera Baja 2da. Sección (Gran Poder)','',27011,'Ranchería','86777'),(270111686,'Villa de las Flores','',27011,'Fraccionamiento','86780'),(270111687,'Municipal','',27011,'Colonia','86780'),(270111688,'El Zapotal','',27011,'Colonia','86780'),(270111689,'Jonuta','',27011,'Colonia','86780'),(270111690,'Certeza Tabasco','',27011,'Colonia','86780'),(270111691,'5 de Mayo','',27011,'Colonia','86780'),(270111692,'Jonuta 2000','',27011,'Colonia','86780'),(270111693,'Solidaridad','',27011,'Colonia','86780'),(270111694,'Chinal','',27011,'Ejido','86781'),(270111695,'Corcobao','',27011,'Ranchería','86781'),(270111696,'Zapotal 1ra Sección A','',27011,'Ranchería','86781'),(270111697,'Zapotal 1ra Sección B','',27011,'Ranchería','86781'),(270111698,'Guarda Tierra','',27011,'Ranchería','86781'),(270111699,'Zapotal 2da Sección','',27011,'Ranchería','86781'),(270111700,'Boca de Amatitán','',27011,'Ranchería','86781'),(270111701,'Corozal','',27011,'Ranchería','86782'),(270111702,'Boca de San Antonio','',27011,'Ranchería','86782'),(270111703,'Torno Largo 1ra. Sección A (Benito Juárez)','',27011,'Ranchería','86782'),(270111704,'Torno Largo 2da Sección','',27011,'Ranchería','86782'),(270111705,'Torno Largo 3ra Sección','',27011,'Ranchería','86782'),(270111706,'Constitución de 1917 (Jonutilla)','',27011,'Ranchería','86782'),(270111707,'Chanero Río','',27011,'Ranchería','86782'),(270111708,'Corozal Del Rio','',27011,'Ranchería','86782'),(270111709,'Chanero','',27011,'Ranchería','86782'),(270111710,'San Cristóbal','',27011,'Ranchería','86782'),(270111711,'El Sacrificio','',27011,'Ranchería','86783'),(270111712,'Federico Alvarez','',27011,'Ranchería','86783'),(270111713,'Ribera Baja 1ra Sección B','',27011,'Ranchería','86783'),(270111714,'Los Giles','',27011,'Ranchería','86785'),(270111715,'Los Buchecos','',27011,'Ranchería','86785'),(270111716,'Los Pájaros','',27011,'Ranchería','86785'),(270111717,'Playa Chiquita','',27011,'Ejido','86785'),(270111718,'El Porvenir','',27011,'Ranchería','86785'),(270111719,'Cocoyolar (Río Chico)','',27011,'Ranchería','86785'),(270111720,'El Tinto','',27011,'Ranchería','86785'),(270111721,'La Piñuela','',27011,'Ranchería','86785'),(270111722,'La Frutilla','',27011,'Ranchería','86785'),(270111723,'Tomás Garrido Canabal (El Rincón)','',27011,'Ranchería','86785'),(270111724,'Monte Grande','',27011,'Pueblo','86786'),(270111725,'Monte Grande (Nuevo Mundo)','',27011,'Ranchería','86786'),(270111726,'Venustiano Carranza (El Pajonal)','',27011,'Ranchería','86786'),(270111727,'Pueblo Nuevo','',27011,'Ranchería','86786'),(270111728,'Güiro Arrancado','',27011,'Ranchería','86786'),(270111729,'Quince de Mayo','',27011,'Ranchería','86787'),(270111730,'Trinidad y Catalina 1ra Sección','',27011,'Ejido','86787'),(270111731,'El Pitero','',27011,'Ranchería','86787'),(270111732,'Campo Nuevo','',27011,'Ranchería','86789'),(270111733,'Santa Rita','',27011,'Ranchería','86789'),(270111734,'Santa Rita 2a Sección','',27011,'Ranchería','86789'),(270111735,'Carlos Pellicer Cámara (Bajo Amatitán)','',27011,'Ranchería','86789'),(270111736,'La Guayaba (Alto Amatitán)','',27011,'Ranchería','86790'),(270111737,'Playa Larga','',27011,'Ejido','86790'),(270111738,'Las Canoas','',27011,'Ranchería','86790'),(270111739,'Barrilito (El Pichal)','',27011,'Ranchería','86793'),(270111740,'Las Petronas','',27011,'Ranchería','86793'),(270111741,'El Aguacatal','',27011,'Ranchería','86793'),(270111742,'Boca de San Gerónimo','',27011,'Ranchería','86794'),(270111743,'San Geronimito','',27011,'Ranchería','86795'),(270111744,'Boca de San Gerónimo (San Gerónimo)','',27011,'Ranchería','86795'),(270111745,'Cuyo de Guadalupe','',27011,'Ranchería','86795'),(270111746,'El Barrial','',27011,'Ranchería','86795'),(270111747,'Isla Helva de Guadalupe','',27011,'Ranchería','86795'),(270111748,'Isla Nuevo Barrialito','',27011,'Ranchería','86796'),(270111749,'El Bejucal','',27011,'Ranchería','86796'),(270111750,'Esperanza','',27011,'Ranchería','86796'),(270121308,'Siglo XXI','',27012,'Fraccionamiento','86700'),(270121309,'Nicolás Bravo','',27012,'Ranchería','86700'),(270121310,'Buena Vista (Puxcatán)','',27012,'Ranchería','86700'),(270121311,'Francisco I. Madero Alto 1ra. Sección','',27012,'Ranchería','86702'),(270121312,'San Antonio','',27012,'Ejido','86702'),(270121313,'Lerdo de Tejada 2da. Sección','',27012,'Ranchería','86703'),(270121314,'Monte Adentro','',27012,'Ranchería','86703'),(270121315,'Abasolo','',27012,'Ejido','86704'),(270121316,'Gregorio Méndez 2da. Sección (Pataztal)','',27012,'Ranchería','86704'),(270121317,'Guadalupe Victoria','',27012,'Ranchería','86704'),(270121318,'José María Pino Suárez','',27012,'Ranchería','86704'),(270121319,'Gregorio Méndez 1ra. Sección','',27012,'Ranchería','86704'),(270121320,'Francisco Villa','',27012,'Ranchería','86704'),(270121321,'Francisco I. Madero Alto 2da. Sección','',27012,'Ranchería','86705'),(270121322,'San Joseito','',27012,'Colonia','86705'),(270121323,'Arboleda','Macuspana',27012,'Colonia','86706'),(270121324,'Macuspana Centro','Macuspana',27012,'Colonia','86706'),(270121325,'Buenos Aires','Macuspana',27012,'Colonia','86706'),(270121326,'Obrera','Macuspana',27012,'Colonia','86706'),(270121327,'El Refugio','Macuspana',27012,'Fraccionamiento','86706'),(270121328,'Los Pinos I','Macuspana',27012,'Fraccionamiento','86706'),(270121329,'Los Pinos II','Macuspana',27012,'Fraccionamiento','86706'),(270121330,'PEMEX','Macuspana',27012,'Fraccionamiento','86706'),(270121331,'Ignacio Zaragoza (Los Ateos)','Macuspana',27012,'Colonia','86707'),(270121332,'Burócratas','Macuspana',27012,'Colonia','86707'),(270121333,'Primavera','Macuspana',27012,'Fraccionamiento','86707'),(270121334,'Divino Misterio','Macuspana',27012,'Fraccionamiento','86707'),(270121335,'Municipal','Macuspana',27012,'Colonia','86707'),(270121336,'Crucifijo','Macuspana',27012,'Fraccionamiento','86707'),(270121337,'El Recuerdo','Macuspana',27012,'Colonia','86707'),(270121338,'Nueva Imagen','Macuspana',27012,'Fraccionamiento','86707'),(270121339,'El Castaño','Macuspana',27012,'Colonia','86708'),(270121340,'Zaragoza','Macuspana',27012,'Colonia','86708'),(270121341,'Los Gatos','Macuspana',27012,'Colonia','86708'),(270121342,'Independencia','Macuspana',27012,'Colonia','86709'),(270121343,'Josefa Ortiz de Dominguez','Macuspana',27012,'Colonia','86709'),(270121344,'Florida','Macuspana',27012,'Colonia','86709'),(270121345,'Loma Linda','Macuspana',27012,'Fraccionamiento','86709'),(270121346,'Luis Donaldo Colosio','Macuspana',27012,'Colonia','86709'),(270121347,'Ignacio Manuel Altamirano 2da. Sección','',27012,'Ranchería','86710'),(270121348,'Ignacio Manuel Altamirano 1ra. Sección','',27012,'Ranchería','86710'),(270121349,'Tierra Colorada','',27012,'Pueblo','86710'),(270121350,'Gustavo A. Madero','',27012,'Ranchería','86710'),(270121351,'Unión y Libertad','',27012,'Ranchería','86710'),(270121352,'Bayona','',27012,'Ejido','86711'),(270121353,'Belén','',27012,'Pueblo','86711'),(270121354,'Monte Largo 1ra. Sección','',27012,'Ranchería','86711'),(270121355,'Monte Largo 2da. Sección','',27012,'Ranchería','86711'),(270121356,'Belén Monte Largo 3ra. Sección (Tronchadero)','',27012,'Ranchería','86711'),(270121357,'Tomás Garrido Canabal','',27012,'Ranchería','86711'),(270121358,'Paraíso','',27012,'Ranchería','86714'),(270121359,'Morelos','',27012,'Ranchería','86714'),(270121360,'Adolfo López Mateos (Corral Nuevo)','',27012,'Ranchería','86714'),(270121361,'Cuauhtémoc','',27012,'Ranchería','86714'),(270121362,'Emiliano Zapata 1ra. Sección','',27012,'Ranchería','86714'),(270121363,'Emiliano Zapata 2da. Sección','',27012,'Ranchería','86714'),(270121364,'Veinte de Noviembre','',27012,'Ejido','86714'),(270121365,'Morelos','',27012,'Ejido','86714'),(270121366,'Mariano Matamoros','',27012,'Ranchería','86714'),(270121367,'Buergos','',27012,'Colonia','86715'),(270121368,'Lerdo de Tejada 1ra. Sección','',27012,'Ranchería','86715'),(270121369,'Playas de las Jiménez','',27012,'Ranchería','86715'),(270121370,'Doctores','',27012,'Colonia','86720'),(270121371,'Limón 2da. Sección Sector A','',27012,'Ranchería','86720'),(270121372,'Santos Degollado 1ra. Sección (El Bayo)','',27012,'Ranchería','86720'),(270121373,'Petroquímica (Cuidad Pemex)','',27012,'Equipamiento','86720'),(270121374,'La Curva Uno','',27012,'Colonia','86720'),(270121375,'Limón 1ra. Sección Sector B','',27012,'Ranchería','86720'),(270121376,'Nueva División del Bayo (Guatemala)','',27012,'Ranchería','86720'),(270121377,'La Unión','',27012,'Ranchería','86720'),(270121378,'18 de Marzo','',27012,'Colonia','86720'),(270121379,'La Curva','',27012,'Colonia','86720'),(270121380,'La Unión','',27012,'Colonia','86720'),(270121381,'Obrera','',27012,'Colonia','86720'),(270121382,'20 de Noviembre','',27012,'Colonia','86720'),(270121383,'Empleados de Confianza','',27012,'Colonia','86720'),(270121384,'Francisco Villa','',27012,'Colonia','86720'),(270121385,'El Bayo 2da. Sección','',27012,'Ranchería','86720'),(270121386,'Las Delicias','',27012,'Colonia','86720'),(270121387,'El Canal','',27012,'Colonia','86720'),(270121388,'Hermenegildo Galeana (Chiveros)','',27012,'Ranchería','86720'),(270121389,'15 de Agosto','',27012,'Fraccionamiento','86720'),(270121390,'El Bayo 1ra. Sección (Granada)','',27012,'Ranchería','86720'),(270121391,'Bitzal 2da. Sección','',27012,'Ranchería','86722'),(270121392,'Bitzal 3ra. Sección','',27012,'Ranchería','86722'),(270121393,'Bitzal 4ta. Sección','',27012,'Ranchería','86722'),(270121394,'Bitzal 5ta. Sección','',27012,'Ranchería','86722'),(270121395,'Bitzal 6ta. Sección','',27012,'Ranchería','86722'),(270121396,'Bitzal 7ma. Sección','',27012,'Ranchería','86722'),(270121397,'Los Naranjos 1ra. Sección','',27012,'Ranchería','86722'),(270121398,'Los Naranjos 2da. Sección (Sección Pichalito)','',27012,'Ranchería','86722'),(270121399,'Bitzal 1ra. Sección','',27012,'Ranchería','86723'),(270121400,'Lázaro Cárdenas 1ra. Sección','',27012,'Ranchería','86723'),(270121401,'Chilapilla 1ra. Sección','',27012,'Ranchería','86723'),(270121402,'José Colomo','',27012,'Ranchería','86723'),(270121403,'Encrucijada','',27012,'Ranchería','86723'),(270121404,'Miguel Hidalgo 2da. Sección','',27012,'Ranchería','86723'),(270121405,'Nueva Esperanza','',27012,'Ranchería','86724'),(270121406,'Vernet 6ta. Sección (San Lorenzo)','',27012,'Ranchería','86724'),(270121407,'Vernet 1ra. Sección','',27012,'Ranchería','86724'),(270121408,'Vernet 2da. Sección','',27012,'Ranchería','86724'),(270121409,'Vernet 3ra. Sección','',27012,'Ranchería','86724'),(270121410,'Vernet 4ta. Sección (Juan Salas)','',27012,'Ranchería','86724'),(270121411,'Vernet 5ta. Sección (Corozal)','',27012,'Ranchería','86724'),(270121412,'Limón 2da. Sección Sector B','',27012,'Ranchería','86724'),(270121413,'Chilapilla 2da. Sección','',27012,'Ranchería','86724'),(270121414,'Vernet Sierra de Guadalupe','',27012,'Ranchería','86724'),(270121415,'Andrés García','',27012,'Ejido','86724'),(270121416,'Limón 1ra. Sección Sector C','',27012,'Ranchería','86724'),(270121417,'Limón 1ra. Sección Sector A','',27012,'Ranchería','86724'),(270121418,'Simón Sarlat 2da. Sección (San Martín)','',27012,'Ranchería','86725'),(270121419,'Aquiles Serdán (San Fernando)','',27012,'Pueblo','86725'),(270121420,'Simón Sarlat','',27012,'Ranchería','86725'),(270121421,'García','',27012,'Ejido','86725'),(270121422,'San Juan Bautista','',27012,'Colonia','86726'),(270121423,'El Mango','',27012,'Colonia','86726'),(270121424,'La Y Griega','',27012,'Ranchería','86726'),(270121425,'El Naranjo','',27012,'Colonia','86726'),(270121426,'Benito Juárez','',27012,'Pueblo','86726'),(270121427,'18 de Marzo','',27012,'Colonia','86726'),(270121428,'Linda Vista','',27012,'Colonia','86726'),(270121429,'Pueblo Nuevo','',27012,'Colonia','86726'),(270121430,'Santa Teresa','',27012,'Colonia','86726'),(270121431,'Campo Deportivo','',27012,'Colonia','86726'),(270121432,'Manuel Vargas Ramirez','',27012,'Colonia','86726'),(270121433,'Las Ferias','',27012,'Ranchería','86726'),(270121434,'La Escalera','',27012,'Ranchería','86726'),(270121435,'San Francisco','',27012,'Ranchería','86726'),(270121436,'San Antonio','',27012,'Ranchería','86726'),(270121437,'Cacahuatalillo','',27012,'Ranchería','86726'),(270121438,'José López Portillo','',27012,'Ejido','86726'),(270121439,'El Regocijo','',27012,'Ejido','86726'),(270121440,'INDUVITAB','',27012,'Fraccionamiento','86726'),(270121441,'Los Arbolitos','',27012,'Colonia','86726'),(270121442,'Carmen Serdán','',27012,'Ranchería','86727'),(270121443,'La Isla 1ra. Sección','',27012,'Ranchería','86727'),(270121444,'Santos Degollado 2da. Sección','',27012,'Ranchería','86728'),(270121445,'Miguel Hidalgo 1ra. Sección','',27012,'Ranchería','86728'),(270121446,'Virginio Chan 3ra. Sección','',27012,'Ranchería','86728'),(270121447,'Nabor Cornelio','',27012,'Ejido','86728'),(270121448,'Pitahaya','',27012,'Ranchería','86728'),(270121449,'El Venadito','',27012,'Ranchería','86728'),(270121450,'Lázaro Cárdenas 2da. Sección','',27012,'Ranchería','86728'),(270121451,'Miguel Orrico de los Llanos','',27012,'Ranchería','86728'),(270121452,'Francisco Bates','',27012,'Ranchería','86730'),(270121453,'Virginio Chan 1ra. Sección','',27012,'Ranchería','86730'),(270121454,'Virginio Chan 2da. Sección','',27012,'Ranchería','86730'),(270121455,'El Congo','',27012,'Ejido','86730'),(270121456,'Límbano Blandín 1ra. Sección','',27012,'Pueblo','86730'),(270121457,'Tepetitán','',27012,'Pueblo','86730'),(270121458,'Clemente Reyes 1ra. Sección','',27012,'Ranchería','86730'),(270121459,'Clemente Reyes 2da. Sección (Cantemoc)','',27012,'Ranchería','86730'),(270121460,'Progreso (Guaruma)','',27012,'Ranchería','86730'),(270121461,'Chiquihuite','',27012,'Ranchería','86730'),(270121462,'El Triunfo 1ra. Sección','',27012,'Ranchería','86732'),(270121463,'Allende Alto 1ra. Sección','',27012,'Ranchería','86732'),(270121464,'Allende Alto 2da. Sección','',27012,'Ranchería','86732'),(270121465,'El Triunfo 2da. Sección','',27012,'Ranchería','86732'),(270121466,'El Triunfo 3ra. Sección','',27012,'Ranchería','86732'),(270121467,'La Ceiba','',27012,'Ranchería','86732'),(270121468,'Pedro C. Colorado 1ra. Sección','',27012,'Ranchería','86733'),(270121469,'Francisco Javier Mina (El Coco)','',27012,'Ranchería','86733'),(270121470,'Pedro C. Colorado 2da. Sección (Orizaba)','',27012,'Ranchería','86733'),(270121471,'Allende Bajo 2da. Sección','',27012,'Ranchería','86733'),(270121472,'El Guanal','',27012,'Ranchería','86734'),(270121473,'Xicotencatl','',27012,'Ranchería','86735'),(270121474,'Castro y Güiro','',27012,'Ranchería','86735'),(270121475,'Licenciado Juan César Becerra Bates','',27012,'Ranchería','86735'),(270121476,'El Güiro','',27012,'Ranchería','86735'),(270121477,'Sitio Nuevo','',27012,'Colonia','86736'),(270121478,'Alcalde Mayor','',27012,'Ranchería','86736'),(270121479,'Bonanza 1ra. Sección','',27012,'Ranchería','86736'),(270121480,'Bonanza 2da. Sección','',27012,'Ranchería','86736'),(270121481,'Allende Bajo 1ra. Sección (San Joaquín)','',27012,'Ranchería','86736'),(270121482,'El Chinalito','',27012,'Ranchería','86736'),(270121483,'Clemente Reyes 2da. Sección','',27012,'Ranchería','86736'),(270121484,'Celia González de Rovirosa','',27012,'Ranchería','86736'),(270121485,'El Maluco 1ra Sección','',27012,'Ranchería','86737'),(270121486,'Vicente Guerrero 1ra. Sección','',27012,'Ranchería','86737'),(270121487,'El Porvenir','',27012,'Ranchería','86738'),(270121488,'Venustiano Carranza (La Alianza)','',27012,'Ranchería','86738'),(270121489,'Trinidad Malpica Hernández','',27012,'Ejido','86738'),(270121490,'Corralillo 1ra. Sección (Nopalapa)','',27012,'Ejido','86738'),(270121491,'Corralillo 2da. Sección (La Princesa)','',27012,'Ejido','86738'),(270121492,'Corralillo 1ra. Sección','',27012,'Ejido','86739'),(270121493,'Ramón Grande','',27012,'Pueblo','86739'),(270121494,'Barrial','',27012,'Ranchería','86739'),(270121495,'Tierra Colorada (Vicente Guerrero 3ra. Sección)','',27012,'Ejido','86739'),(270121496,'Maluco 2da. Sección (Juan Vaquero)','',27012,'Ranchería','86739'),(270121497,'Arroyo Hondo (Vicente Guerrero 2da. Sección)','',27012,'Ranchería','86739'),(270121498,'Álvaro Obregón','',27012,'Ranchería','86740'),(270121499,'Narciso Mendoza 1ra. Sección','',27012,'Ranchería','86740'),(270121500,'Carlos Greene 2da. Sección','',27012,'Ranchería','86740'),(270121501,'Carlos Greene 1ra. Sección','',27012,'Ranchería','86743'),(270121502,'Guillermo Prieto','',27012,'Ranchería','86743'),(270121503,'Miguel Allende','',27012,'Ranchería','86743'),(270121504,'Abasolo 1ra. Sección','',27012,'Ranchería','86744'),(270121505,'Pedro A. González','',27012,'Ranchería','86744'),(270121506,'Zopo Norte','',27012,'Ranchería','86745'),(270121507,'Buena Vista (Apasco)','',27012,'Ranchería','86745'),(270121508,'Chivalito 2da. Sección','',27012,'Ranchería','86745'),(270121509,'Melchor Ocampo 2da. Sección','',27012,'Ranchería','86745'),(270121510,'Chivalito 4ta. Sección','',27012,'Ranchería','86745'),(270121511,'Alto Tulijá 2da. Sección (Paredón)','',27012,'Pueblo','86746'),(270121512,'Las Campanas','',27012,'Ranchería','86746'),(270121513,'Alto Tulijá 1ra. Sección (Lechugal)','',27012,'Ejido','86746'),(270121514,'Bajo Tulijá','',27012,'Ranchería','86746'),(270121515,'Zopo Sur','',27012,'Ranchería','86746'),(270121516,'San José','',27012,'Ejido','86746'),(270121517,'Santuario 1ra. Sección (Estación Macuspana)','',27012,'Pueblo','86747'),(270121518,'Melchor Ocampo 1ra. Sección','',27012,'Ranchería','86747'),(270121519,'Profesor Caparroso 2da. Sección','',27012,'Ranchería','86747'),(270121520,'Santuario 2da. Sección','',27012,'Ranchería','86747'),(270121521,'Profesor Caparroso 1ra. Sección','',27012,'Ranchería','86748'),(270121522,'Palomas','',27012,'Pueblo','86748'),(270141016,'Francisco I. Madero (Madero)','',27014,'Colonia','86600'),(270141017,'La Unión 1ra. Sección (Amatillo)','',27014,'Ranchería','86600'),(270141018,'Las Flores 1a Secc','',27014,'Ranchería','86600'),(270141019,'Las Flores 2a Secc','',27014,'Ranchería','86600'),(270141020,'Moctezuma 1ra. Sección','',27014,'Colonia','86600'),(270141021,'Moctezuma 2da. Sección','',27014,'Colonia','86600'),(270141022,'Moctezuma (Francisco I. Madero 3ra. Sección)','',27014,'Colonia','86600'),(270141023,'Francisco I. Madero 2da. Sección','',27014,'Colonia','86600'),(270141024,'Francisco I. Madero','',27014,'Colonia','86600'),(270141025,'El Escribano','',27014,'Ranchería','86600'),(270141026,'Costa Real','',27014,'Fraccionamiento','86600'),(270141027,'Las Flores 3ra. Sección (El Cerro)','',27014,'Ranchería','86601'),(270141028,'La Unión 2a Secc','',27014,'Ranchería','86602'),(270141029,'Barra de Tupilco','',27014,'Ranchería','86603'),(270141030,'Paraíso Centro','Paraíso',27014,'Colonia','86605'),(270141031,'El Limoncito','Paraíso',27014,'Colonia','86606'),(270141032,'El Limón','Paraíso',27014,'Colonia','86606'),(270141033,'Empleados de Confianza','Paraíso',27014,'Colonia','86606'),(270141034,'Lázaro Cárdenas','Paraíso',27014,'Colonia','86606'),(270141035,'Petrolera','Paraíso',27014,'Colonia','86606'),(270141036,'La Continuidad','Paraíso',27014,'Colonia','86606'),(270141037,'Residencial Paraíso','Paraíso',27014,'Fraccionamiento','86607'),(270141038,'Privada La Ceiba','Paraíso',27014,'Fraccionamiento','86607'),(270141039,'Coquito','Paraíso',27014,'Colonia','86607'),(270141040,'La Ceiba','Paraíso',27014,'Colonia','86607'),(270141041,'Los Cocos','Paraíso',27014,'Colonia','86607'),(270141042,'Magisterial','Paraíso',27014,'Fraccionamiento','86607'),(270141043,'Las Palmas','Paraíso',27014,'Fraccionamiento','86607'),(270141044,'Belo Horizonte','Paraíso',27014,'Fraccionamiento','86608'),(270141045,'Guadalupe','Paraíso',27014,'Fraccionamiento','86608'),(270141046,'Carlos A Madrazo Becerra','Paraíso',27014,'Colonia','86608'),(270141047,'Fonhapo','Paraíso',27014,'Colonia','86608'),(270141048,'Los Mangos','Paraíso',27014,'Colonia','86608'),(270141049,'Primavera','Paraíso',27014,'Colonia','86608'),(270141050,'Quintín Arauz','Paraíso',27014,'Colonia','86608'),(270141051,'La Deportiva','Paraíso',27014,'Colonia','86608'),(270141052,'Hueso de Puerco (Colonia Quintín Arauz)','Paraíso',27014,'Colonia','86608'),(270141053,'Las Flores','Paraíso',27014,'Colonia','86609'),(270141054,'Adalberto Santos','Paraíso',27014,'Colonia','86609'),(270141055,'Puerto Ceiba','',27014,'Pueblo','86610'),(270141056,'Puerto Ceiba (Carrizal)','',27014,'Ejido','86610'),(270141057,'José María Morelos y Pavón (El Bellote)','',27014,'Ranchería','86611'),(270141058,'Libertad 1ra. Sección (El Chivero)','',27014,'Ranchería','86611'),(270141059,'Nuevo Torno Largo','',27014,'Colonia','86613'),(270141060,'Andrés García la Isla','',27014,'Ejido','86613'),(270141061,'El Bellote (Miguel de la Madrid)','',27014,'Colonia','86613'),(270141062,'Chiltepec (Sección Pénjamo)','',27014,'Colonia','86613'),(270141063,'Chilpetec Sección Banco','',27014,'Ejido','86613'),(270141064,'Blancas Mariposas','',27014,'Fraccionamiento','86615'),(270141065,'Oriente 1a Sección','',27014,'Ranchería','86615'),(270141066,'Oriente (San Cayetano)','',27014,'Ejido','86615'),(270141067,'Monte Adentro','',27014,'Ejido','86615'),(270141068,'Potreritos','',27014,'Ranchería','86616'),(270141069,'Occidente (San Francisco)','',27014,'Ejido','86616'),(270141070,'Moctezuma 3a Sección','',27014,'Ranchería','86616'),(270141071,'Oriente Sección Hormiguero','',27014,'Ejido','86616'),(270141072,'Nicolás Bravo','',27014,'Pueblo','86617'),(270141073,'Libertad 2a Secc','',27014,'Ranchería','86617'),(270141074,'Palestina','',27014,'Ejido','86617'),(270141075,'Nicolás Bravo 2da. Sección (La Gloria)','',27014,'Ranchería','86617'),(270141076,'Nicolás Bravo 3a Secc','',27014,'Ranchería','86617'),(270141077,'Nicolás Bravo 4ta. Sección (Tilapa)','',27014,'Ranchería','86617'),(270141078,'Nicolás Bravo 5ta. Sección (Punta Brava)','',27014,'Ranchería','86617'),(270141079,'Oriente 2a Sección (Palma Hueca)','',27014,'Ranchería','86617'),(270141080,'Campestre del Lago','',27014,'Fraccionamiento','86617'),(270141081,'Guano Solo (El Coquito)','',27014,'Ejido','86618'),(270141082,'La Unión 3ra Sección','',27014,'Ranchería','86618'),(270141083,'Aquiles Serdán','',27014,'Ranchería','86620'),(270141084,'Chiltepec (Puerto Chiltepec)','',27014,'Pueblo','86620'),(270141085,'Chiltepec (Sección Tanque)','',27014,'Ejido','86620'),(270141086,'Aquiles Serdán','',27014,'Ejido','86621'),(270151882,'Tacotalpa','',27015,'Colonia','86870'),(270151883,'Obrera','',27015,'Colonia','86870'),(270151884,'Oro Verde','',27015,'Fraccionamiento','86870'),(270151885,'Pueblo Nuevo','',27015,'Colonia','86870'),(270151886,'Graciela Pintado de Madrazo','',27015,'Colonia','86870'),(270151887,'Pochitocal 3ra. Sección','',27015,'Ranchería','86874'),(270151888,'Pochitocal 1ra Sección (La Palma)','',27015,'Ranchería','86874'),(270151889,'Santa Rosa 2da. Sección (Estación Poaná)','',27015,'Ejido','86874'),(270151890,'Pochitocal 2a Sección','',27015,'Ejido','86874'),(270151891,'Lomas Alegres 3a Sección (San Antonio)','',27015,'Ranchería','86874'),(270151892,'Ceibita 2da. Sección','',27015,'Ranchería','86875'),(270151893,'Ceibita 1ra Sección','',27015,'Ranchería','86875'),(270151894,'Ceiba 2da. Sección (San Luis)','',27015,'Ranchería','86875'),(270151895,'División del Norte','',27015,'Ejido','86875'),(270151896,'Rancho Nuevo','',27015,'Ranchería','86875'),(270151897,'Roberto Madrazo Pintado','',27015,'Pueblo','86875'),(270151898,'La Raya 1ra Sección (Nava)','',27015,'Ejido','86876'),(270151899,'Pochitocal 1a Sección Tila y Toronjo','',27015,'Ejido','86876'),(270151900,'La Raya 2da. Sección (Santa Cruz)','',27015,'Ejido','86876'),(270151901,'Puyacatengo 1ra. Sección (Ceiba)','',27015,'Ejido','86877'),(270151902,'Puyacatengo 2da. Sección (Ceiba)','',27015,'Ejido','86877'),(270151903,'Santa Rosa 1a Secc','',27015,'Ranchería','86878'),(270151904,'San Ramón','',27015,'Colonia','86878'),(270151905,'Carlos A Madrazo','',27015,'Ejido','86880'),(270151906,'Guayal','',27015,'Ejido','86880'),(270151907,'El Limón','',27015,'Ejido','86880'),(270151908,'Lomas Alegres 1ra Sección','',27015,'Pueblo','86882'),(270151909,'Arroyo Ciego 1ra Sección','',27015,'Ranchería','86882'),(270151910,'Pasamonos','',27015,'Ejido','86882'),(270151911,'Lomas Alegres 4ta. Sección (El Hular)','',27015,'Ranchería','86882'),(270151912,'Lomas Alegres 2da Sección (Castañal)','',27015,'Ejido','86882'),(270151913,'José María Morelos y Pavón','',27015,'Ejido','86882'),(270151914,'Pochitocal 4ta Sección (San Miguel Juárez)','',27015,'Ejido','86882'),(270151915,'Xicoténcatl','',27015,'Pueblo','86884'),(270151916,'Poaná','',27015,'Ejido','86884'),(270151917,'Pomoca','',27015,'Ejido','86885'),(270151918,'Arroyo Seco Miraflores','',27015,'Ejido','86885'),(270151919,'El Paraíso','',27015,'Ranchería','86885'),(270151920,'Gran Poder','',27015,'Ejido','86885'),(270151921,'Agua Blanca','',27015,'Ranchería','86886'),(270151922,'Reforma (Madrigal 2da. Sección)','',27015,'Ejido','86887'),(270151923,'Lázaro Cárdenas (Madrigal 3ra Sección)','',27015,'Ejido','86887'),(270151924,'La Gloria','',27015,'Ranchería','86888'),(270151925,'Madrigal 5a Secc','',27015,'Ranchería','86888'),(270151926,'Tapijulapa','',27015,'Pueblo','86890'),(270151927,'Zunú y Patastal','',27015,'Ejido','86890'),(270151928,'Emiliano Zapata','',27015,'Ejido','86890'),(270151929,'Arroyo Chispa','',27015,'Ejido','86892'),(270151930,'San Manuel','',27015,'Ranchería','86892'),(270151931,'Madrigal 4ta Sección','',27015,'Ejido','86892'),(270151932,'Graciano Sánchez','',27015,'Ejido','86892'),(270151933,'Agua Escondida','',27015,'Colonia','86892'),(270151934,'Yajalón Río Seco','',27015,'Ejido','86893'),(270151935,'La Raya Zaragoza','',27015,'Ejido','86894'),(270151936,'Puxcatán','',27015,'Pueblo','86894'),(270151937,'Nuevo Madero','',27015,'Ejido','86895'),(270151938,'Tomás Garrido Canabal','',27015,'Ejido','86895'),(270151939,'Oxolotán','',27015,'Pueblo','86895'),(270151940,'Libertad','',27015,'Ejido','86895'),(270151941,'Cuauhtémoc Barreal','',27015,'Ejido','86895'),(270151942,'Francisco I. Madero 1ra. Sección','',27015,'Ranchería','86895'),(270151943,'Francisco I Madero 2da Sección','',27015,'Ranchería','86895'),(270151944,'Buenos Aires','',27015,'Ejido','86895'),(270151945,'Benito Juárez','',27015,'Ejido','86895'),(270151946,'Pomoquita','',27015,'Ejido','86895'),(270151947,'Nueva Reforma','',27015,'Ejido','86895'),(270151948,'Cuviac','',27015,'Ejido','86895'),(270151949,'Noypac','',27015,'Ejido','86895'),(270151950,'La Cumbre','',27015,'Ejido','86895'),(270151951,'La Pila','',27015,'Ejido','86895'),(270151952,'Mexiquito','',27015,'Ejido','86895'),(270151953,'Caridad Guerrero','',27015,'Ranchería','86896'),(270151954,'Buena Vista','',27015,'Ranchería','86896'),(270151955,'Cuitláhuac','',27015,'Ejido','86896'),(270151956,'Shotal','',27015,'Ranchería','86896'),(270151957,'Nueva Esperanza','',27015,'Ranchería','86896'),(270151958,'Villa Luz','',27015,'Colonia','86896'),(270151959,'Cerro Blanco 5ta Sección','',27015,'Ejido','86897'),(270151960,'Cerro Blanco 2da Sección','',27015,'Ejido','86897'),(270151961,'Palo Quemado','',27015,'Ranchería','86897'),(270151962,'Cerro Blanco 4ta Sección','',27015,'Ejido','86897'),(270151963,'Cerro Blanco 3ra Sección','',27015,'Ejido','86897'),(270151964,'La Cuesta','',27015,'Ejido','86897'),(270151965,'Cerro Blanco 1ra Sección','',27015,'Ejido','86897'),(270161751,'Liberación','Teapa',27016,'Colonia','86800'),(270161752,'Teapa Centro','Teapa',27016,'Colonia','86800'),(270161753,'Esquipulas','Teapa',27016,'Barrio','86800'),(270161754,'El Mure','Teapa',27016,'Barrio','86800'),(270161755,'Santa Cruz','Teapa',27016,'Fraccionamiento','86800'),(270161756,'Tecomajiaca','Teapa',27016,'Barrio','86800'),(270161757,'El Cerrito','Teapa',27016,'Colonia','86800'),(270161758,'Calcinado','',27016,'Ejido','86801'),(270161759,'Bosques de La Sierra','Teapa',27016,'Fraccionamiento','86801'),(270161760,'Florida','Teapa',27016,'Colonia','86801'),(270161761,'Independencia','Teapa',27016,'Colonia','86801'),(270161762,'Reforma','Teapa',27016,'Colonia','86801'),(270161763,'La Sierra','Teapa',27016,'Colonia','86801'),(270161764,'Lázaro Cárdenas','Teapa',27016,'Colonia','86801'),(270161765,'Revolución','Teapa',27016,'Colonia','86801'),(270161766,'Joyas del Pedregal','Teapa',27016,'Fraccionamiento','86801'),(270161767,'Las Flores','Teapa',27016,'Fraccionamiento','86801'),(270161768,'Eureka y Belén','',27016,'Ranchería','86801'),(270161769,'Las Grutas','Teapa',27016,'Colonia','86801'),(270161770,'La Ceiba','Teapa',27016,'Fraccionamiento','86801'),(270161771,'Chacuiba','Teapa',27016,'Fraccionamiento','86802'),(270161772,'Carlos Salinas de Gortari','Teapa',27016,'Fraccionamiento','86802'),(270161773,'La Tejería','Teapa',27016,'Fraccionamiento','86802'),(270161774,'Nueva San Isidro','Teapa',27016,'Colonia','86803'),(270161775,'Mariano Abasolo (Abasolito)','',27016,'Ranchería','86803'),(270161776,'Manuel Buelta 2da Sección','',27016,'Ranchería','86803'),(270161777,'Morelia','Teapa',27016,'Colonia','86803'),(270161778,'Ignacio Allende 3ra Sección','',27016,'Ranchería','86803'),(270161779,'Municipal','',27016,'Colonia','86803'),(270161780,'Manuel Buelta 1ra Sección','Teapa',27016,'Colonia','86803'),(270161781,'Villa Verde','',27016,'Fraccionamiento','86803'),(270161782,'Nicolás Bravo 2da Sección','',27016,'Ranchería','86805'),(270161783,'Nicolás Bravo 1ra Sección','',27016,'Ranchería','86805'),(270161784,'Mina y Matamoros (La Trinidad)','',27016,'Ranchería','86806'),(270161785,'Francisco Javier Mina (Argentina)','',27016,'Ranchería','86806'),(270161786,'Arcadio Zentella','',27016,'Ejido','86806'),(270161787,'Mina y Matamoros (San Pablo Tamborel)','',27016,'Ranchería','86806'),(270161788,'Vicente Guerrero (Las Nieves)','',27016,'Ranchería','86807'),(270161789,'Vicente Guerrero (Lerma)','',27016,'Ejido','86807'),(270161790,'Vicente Guerrero (San Lorenzo)','',27016,'Ranchería','86807'),(270161791,'Vicente Guerrero (Guanal)','',27016,'Ejido','86807'),(270161792,'Ignacio Allende 2a Secc','',27016,'Ranchería','86808'),(270161793,'Ignacio Allende 1ra Sección','',27016,'Ranchería','86808'),(270161794,'Chapultepec','',27016,'Colonia','86808'),(270161795,'Juan Aldama','',27016,'Ranchería','86820'),(270161796,'Colorado (Benito Juárez)','',27016,'Ejido','86820'),(270161797,'Hermenegildo Galeana 1a Secc (Mexiquito)','',27016,'Ranchería','86823'),(270161798,'Mariano Pedrero 1ra Sección (La Providencia)','',27016,'Ranchería','86823'),(270161799,'Ignacio López Rayón 1ra Sección','',27016,'Ranchería','86823'),(270161800,'Ignacio López Rayón 2da Sección','',27016,'Ejido','86823'),(270161801,'Andrés Quintana Roo 1ra Sección','',27016,'Ejido','86824'),(270161802,'Andrés Quintana Roo 2a Secc','',27016,'Ejido','86824'),(270161803,'Andrés Quintana Roo','',27016,'Ejido','86824'),(270161804,'Hermenegildo Galeana','',27016,'Ejido','86824'),(270161805,'Manuel Buelta y Rayón','',27016,'Ranchería','86825'),(270161806,'Mariano Pedrero 2da Sección','',27016,'Ranchería','86825'),(270161807,'Mariano Pedrero 3ra Sección','',27016,'Ejido','86825'),(270161808,'José María Morelos y Pavón (Santa Rita)','',27016,'Ejido','86825'),(270161809,'Miguel Hidalgo 2da Sección (San Joaquín)','',27016,'Ranchería','86826'),(270161810,'Miguel Hidalgo 2da. Sección (Fco. Sarabia)','',27016,'Ejido','86826'),(270161811,'Miguel Hidalgo 2da Sección (Los Álamos)','',27016,'Ejido','86826'),(270161812,'Miguel Hidalgo 1ra. Sección (Las Gardenias)','',27016,'Ejido','86826'),(270161813,'José María Morelos y Pavón 1ra. Sección','',27016,'Ranchería','86827'),(270161814,'José María Morelos y Pavón(San Antonio Las Ánimas)','',27016,'Ejido','86827'),(270161815,'José María Morelos y Pavón (Las Delicias)','',27016,'Ejido','86827'),(270161816,'José María Morelos y Pavón (Juan Gómez)','',27016,'Ejido','86827'),(270161817,'José María Morelos y Pavón 2da Sección','',27016,'Ranchería','86828'),(270171966,'Tenosique de Pino Suárez Centro','Tenosique de Pino Suárez',27017,'Colonia','86900'),(270171967,'Los Angelitos','Tenosique de Pino Suárez',27017,'Colonia','86900'),(270171968,'Solidaridad','Tenosique de Pino Suárez',27017,'Colonia','86900'),(270171969,'Estación Nueva','Tenosique de Pino Suárez',27017,'Colonia','86901'),(270171970,'Luis Gómez Zeta','Tenosique de Pino Suárez',27017,'Colonia','86901'),(270171971,'Pueblo Nuevo','Tenosique de Pino Suárez',27017,'Colonia','86901'),(270171972,'San Román','Tenosique de Pino Suárez',27017,'Colonia','86901'),(270171973,'María Luisa','Tenosique de Pino Suárez',27017,'Fraccionamiento','86901'),(270171974,'El Chivo Negro','Tenosique de Pino Suárez',27017,'Colonia','86902'),(270171975,'Cocoyol','Tenosique de Pino Suárez',27017,'Colonia','86902'),(270171976,'Magisterial','Tenosique de Pino Suárez',27017,'Colonia','86902'),(270171977,'La Trinchera','Tenosique de Pino Suárez',27017,'Colonia','86902'),(270171978,'San Miguelito','Tenosique de Pino Suárez',27017,'Colonia','86902'),(270171979,'Benito Juárez','Tenosique de Pino Suárez',27017,'Colonia','86902'),(270171980,'Belén','Tenosique de Pino Suárez',27017,'Colonia','86902'),(270171981,'Usumacinta','Tenosique de Pino Suárez',27017,'Fraccionamiento','86902'),(270171982,'Santa Bárbara','Tenosique de Pino Suárez',27017,'Fraccionamiento','86902'),(270171983,'Ampliación Cocoyol','Tenosique de Pino Suárez',27017,'Colonia','86902'),(270171984,'Obrera','Tenosique de Pino Suárez',27017,'Colonia','86902'),(270171985,'Tenosique 2000','Tenosique de Pino Suárez',27017,'Fraccionamiento','86904'),(270171986,'La Raza','Tenosique de Pino Suárez',27017,'Colonia','86904'),(270171987,'El Ingenio Hermenegildo Galeana','Tenosique de Pino Suárez',27017,'Colonia','86904'),(270171988,'Héroes de Nacozari','Tenosique de Pino Suárez',27017,'Colonia','86904'),(270171989,'Municipal','Tenosique de Pino Suárez',27017,'Colonia','86904'),(270171990,'Lázaro Cárdenas','Tenosique de Pino Suárez',27017,'Colonia','86904'),(270171991,'Pueblo Unido','Tenosique de Pino Suárez',27017,'Colonia','86904'),(270171992,'CERESO','Tenosique de Pino Suárez',27017,'Equipamiento','86904'),(270171993,'San Juan','Tenosique de Pino Suárez',27017,'Colonia','86904'),(270171994,'Luis Donaldo Colosio','Tenosique de Pino Suárez',27017,'Colonia','86904'),(270171995,'Jardines del Usumacinta','Tenosique de Pino Suárez',27017,'Fraccionamiento','86904'),(270171996,'Pomona','Tenosique de Pino Suárez',27017,'Fraccionamiento','86904'),(270171997,'José María Pino Suárez','Tenosique de Pino Suárez',27017,'Fraccionamiento','86904'),(270171998,'Roberto Madrazo Pintado','Tenosique de Pino Suárez',27017,'Colonia','86904'),(270171999,'Brisas del Usumacinta','Tenosique de Pino Suárez',27017,'Fraccionamiento','86904'),(270172000,'Unidad Habitacional Militar 38-A','Tenosique de Pino Suárez',27017,'Zona federal','86904'),(270172001,'Unidad y Gratitud','Tenosique de Pino Suárez',27017,'Colonia','86904'),(270172002,'Guadalupe Tepeyac','Tenosique de Pino Suárez',27017,'Colonia','86904'),(270172003,'Siquiscab','Tenosique de Pino Suárez',27017,'Colonia','86904'),(270172004,'Estapilla','',27017,'Pueblo','86905'),(270172005,'Canitzán','',27017,'Ejido','86905'),(270172006,'El Roblar','',27017,'Ejido','86905'),(270172007,'El Copo','',27017,'Ejido','86905'),(270172008,'José María Pino Suárez 2da. Sección','',27017,'Ejido','86905'),(270172009,'Canitzán 2a Sección','',27017,'Ejido','86905'),(270172010,'Arena de Hidalgo','',27017,'Pueblo','86906'),(270172011,'Boca Del Cerro','',27017,'Pueblo','86906'),(270172012,'Centro Usumacinta','',27017,'Ejido','86906'),(270172013,'La Isla','',27017,'Ranchería','86906'),(270172014,'Pomoná 1ra Sección','',27017,'Ejido','86906'),(270172015,'Pomoná 2da Sección','',27017,'Ejido','86906'),(270172016,'Independencia','',27017,'Ejido','86906'),(270172017,'El Faisán 2da Sección','',27017,'Ejido','86906'),(270172018,'El Recreo','',27017,'Ranchería','86906'),(270172019,'Lucio Blanco','',27017,'Ejido','86906'),(270172020,'Chaculjí','',27017,'Ejido','86906'),(270172021,'El Faisán 1a Secc','',27017,'Ejido','86906'),(270172022,'Crisóforo China','',27017,'Ejido','86906'),(270172023,'El Faisán 3ra Sección (Chiniquijá)','',27017,'Ejido','86906'),(270172024,'San Carlos','',27017,'Pueblo','86906'),(270172025,'Arena de Hidalgo','',27017,'Ejido','86906'),(270172026,'Santa Lucía','',27017,'Ejido','86906'),(270172027,'Usumacinta','',27017,'Ejido','86907'),(270172028,'José María Pino Suárez 1ra Sección','',27017,'Ejido','86907'),(270172029,'Estampilla 2a Sección','',27017,'Ejido','86907'),(270172030,'Tenosique 1a Secc (El Mool)','',27017,'Ejido','86907'),(270172031,'Plan de San Antonio','',27017,'Ejido','86907'),(270172032,'Guayacán','',27017,'Ranchería','86909'),(270172033,'Gregorio Méndez','',27017,'Ejido','86909'),(270172034,'Ignacio Zaragoza','',27017,'Ejido','86910'),(270172035,'Benito Juárez 1ra Sección','',27017,'Ejido','86910'),(270172036,'Tata Lázaro','',27017,'Ejido','86910'),(270172037,'Benito Juárez 2a Sección','',27017,'Ejido','86910'),(270172038,'Diez de Mayo','',27017,'Ejido','86910'),(270172039,'San Isidro las Pozas','',27017,'Ejido','86910'),(270172040,'Dieciséis de Septiembre','',27017,'Ejido','86910'),(270172041,'Esperanza Norte (El Veinte)','',27017,'Ranchería','86911'),(270172042,'El Pensamiento','',27017,'Ejido','86911'),(270172043,'Cuatro Hermanos','',27017,'Ranchería','86911'),(270172044,'La Palma','',27017,'Ranchería','86912'),(270172045,'San Isidro Guasiván','',27017,'Ranchería','86912'),(270172046,'Nuevo México','',27017,'Ejido','86915'),(270172047,'Hermenegildo Galeana','',27017,'Ejido','86915'),(270172048,'Santa Elena','',27017,'Ejido','86915'),(270172049,'El Palmar','',27017,'Ejido','86916'),(270172050,'Veinte de Noviembre','',27017,'Ejido','86916'),(270172051,'Punta de Montaña','',27017,'Ejido','86916'),(270172052,'Emiliano Zapata 2da Sección (El Carmen)','',27017,'Ejido','86918'),(270172053,'La Planada','',27017,'Ejido','86918'),(270172054,'Guadalupe Victoria','',27017,'Pueblo','86919'),(270172055,'Certeza','',27017,'Colonia','86919'),(270172056,'Reforma Agraria','',27017,'Ejido','86920'),(270172057,'La Última Lucha','',27017,'Ejido','86920'),(270172058,'El Xotal 1ra Sección','',27017,'Ejido','86920'),(270172059,'El Xotal 2da Sección','',27017,'Ejido','86920'),(270172060,'Javier Rojo Gómez','',27017,'Ranchería','86921'),(270172061,'Luis Echeverría Álvarez 1ra Sección','',27017,'Ejido','86921'),(270172062,'Luis Echeverría Álvarez 2da Sección','',27017,'Ejido','86921'),(270172063,'Emiliano Zapata 1ra Sección','',27017,'Ejido','86922'),(270172064,'Adolfo López Mateos','',27017,'Ejido','86922'),(270172065,'Rancho Grande','',27017,'Ejido','86922'),(270172066,'Redención del Campesino','',27017,'Ejido','86923'),(270172067,'Los Rieles de San José','',27017,'Ejido','86923'),(270172068,'Veteranos de La Revolución','',27017,'Ejido','86923'),(270172069,'Santa Rosa','',27017,'Ejido','86923'),(270172070,'San Marcos','',27017,'Ejido','86923'),(270172071,'Corregidora Ortiz de Domínguez','',27017,'Ejido','86924'),(270172072,'Santo Tomás','',27017,'Ejido','86924'),(270172073,'Nuevo Progreso','',27017,'Ejido','86924'),(270172074,'Cortijo Nuevo 2a Sección','',27017,'Ejido','86924'),(270172075,'Francisco I. Madero (Río)','',27017,'Ejido','86924'),(270172076,'Niños Héroes','',27017,'Ejido','86924'),(270172077,'Cortijo Nuevo 1a Sección','',27017,'Ejido','86924'),(270172078,'Santa Cruz','',27017,'Ejido','86925'),(270172079,'Benito Juárez','',27017,'Ejido','86925'),(270172080,'Acatlipa','',27017,'Ejido','86926'),(270172081,'El Pedregal','',27017,'Ejido','86926'),(270172082,'Nueva Esperanza','',27017,'Ejido','86926'),(270172083,'Francisco I. Madero Cortazar','',27017,'Ejido','86927'),(270172084,'Ignacio Allende','',27017,'Ranchería','86927'),(270172085,'Miguel Hidalgo','',27017,'Ejido','86927'),(270172086,'El Bejucal','',27017,'Ejido','86927'),(270172087,'Álvaro Obregón','',27017,'Ejido','86927'),(270172088,'La Estancia','',27017,'Ejido','86927'),(270172089,'Francisco Villa','',27017,'Ejido','86927'),(270172090,'El Repasto','',27017,'Ejido','86927'),(270172091,'San Francisco','',27017,'Ejido','86927'),(270172092,'Sueños de Oro','',27017,'Ejido','86928'),(270172093,'Nueva Jerusalén','',27017,'Ejido','86928'),(270172094,'Carlos Pellicer Cámara','',27017,'Ejido','86928'),(270172095,'Bella Vista','',27017,'Ejido','86928');
/*!40000 ALTER TABLE `colonia` ENABLE KEYS */;
UNLOCK TABLES;

--
-- Table structure for table `cuenta`
--

DROP TABLE IF EXISTS `cuenta`;
/*!40101 SET @saved_cs_client     = @@character_set_client */;
/*!50503 SET character_set_client = utf8mb4 */;
CREATE TABLE `cuenta` (
  `cue_id` int NOT NULL AUTO_INCREMENT,
  `cue_num_tarjeta` char(16) NOT NULL,
  `cue_tipo_tarjeta` enum('Debito','Credito') NOT NULL,
  `cue_fkusuario` int NOT NULL,
  `cue_fkban` int NOT NULL,
  PRIMARY KEY (`cue_id`),
  KEY `cue_fkusuario_idx` (`cue_fkusuario`),
  KEY `cue_fkban_idx` (`cue_fkban`),
  CONSTRAINT `cue_fkban` FOREIGN KEY (`cue_fkban`) REFERENCES `banco` (`ban_id`),
  CONSTRAINT `cue_fkusuario` FOREIGN KEY (`cue_fkusuario`) REFERENCES `usuario` (`usu_id`)
) ENGINE=InnoDB AUTO_INCREMENT=2 DEFAULT CHARSET=utf8mb4 COLLATE=utf8mb4_0900_ai_ci;
/*!40101 SET character_set_client = @saved_cs_client */;

--
-- Dumping data for table `cuenta`
--

LOCK TABLES `cuenta` WRITE;
/*!40000 ALTER TABLE `cuenta` DISABLE KEYS */;
/*!40000 ALTER TABLE `cuenta` ENABLE KEYS */;
UNLOCK TABLES;

--
-- Table structure for table `dashboard`
--

DROP TABLE IF EXISTS `dashboard`;
/*!40101 SET @saved_cs_client     = @@character_set_client */;
/*!50503 SET character_set_client = utf8mb4 */;
CREATE TABLE `dashboard` (
  `das_id` int NOT NULL AUTO_INCREMENT,
  `das_orden` int NOT NULL,
  `das_imagen` varchar(50) NOT NULL,
  `das_titulo` varchar(50) NOT NULL,
  `das_url` varchar(100) NOT NULL,
  `das_estatus` tinyint(1) NOT NULL,
  `das_roles` varchar(50) NOT NULL,
  PRIMARY KEY (`das_id`),
  UNIQUE KEY `das_imagen_UNIQUE` (`das_imagen`)
) ENGINE=InnoDB AUTO_INCREMENT=22 DEFAULT CHARSET=utf8mb4 COLLATE=utf8mb4_0900_ai_ci;
/*!40101 SET character_set_client = @saved_cs_client */;

--
-- Dumping data for table `dashboard`
--

LOCK TABLES `dashboard` WRITE;
/*!40000 ALTER TABLE `dashboard` DISABLE KEYS */;
INSERT INTO `dashboard` VALUES (1,2,'movimiento','Movimiento','/movimiento/create',1,'Clientes'),(2,3,'documento','Documento','/documento/create',1,'Clientes'),(3,1,'usuario','Usuario','/usuario/update',1,'Clientes'),(5,4,'ahorro','Ahorro','/ahorro',1,'Clientes'),(7,5,'servicio','Servicio','/servicio/create',1,'Clientes'),(8,6,'suscripcion','Suscripcion','/suscripcion',1,'Clientes'),(11,8,'tiempo','Tiempo','/tiempo',1,'Admin,superadmin'),(12,9,'tmovimiento','Tipo de Movimiento','/tmovimiento',1,'Admin,superadmin'),(13,10,'tservicio','Tipo de servicio','/tservivio',1,'Admin,superadmin'),(14,11,'tsuscripcion','Tipo de suscripción','/tsuscripcion',1,'Admin,superadmin'),(15,1,'usuarios','Usuarios','/usuario',1,'Admin,superadmin'),(16,9,'tahorro','Tipo de ahorro','/tahorro',1,'Admin,superadmin'),(17,12,'banco','Bancos','/banco',1,'Admin,superadmin'),(18,13,'carrera','Carreras','/carrera',1,'Admin,superadmin'),(19,14,'colonia','Colonia','/colonia',1,'Admin,superadmin'),(21,16,'notificacion','Notificaciones','/notificacion',1,'Admin,superadmin');
/*!40000 ALTER TABLE `dashboard` ENABLE KEYS */;
UNLOCK TABLES;

--
-- Table structure for table `documento`
--

DROP TABLE IF EXISTS `documento`;
/*!40101 SET @saved_cs_client     = @@character_set_client */;
/*!50503 SET character_set_client = utf8mb4 */;
CREATE TABLE `documento` (
  `doc_id` int NOT NULL AUTO_INCREMENT,
  `doc_tipo_doc` enum('Referencia','Boucher') NOT NULL,
  `doc_url` text NOT NULL,
  PRIMARY KEY (`doc_id`)
) ENGINE=InnoDB DEFAULT CHARSET=utf8mb4 COLLATE=utf8mb4_0900_ai_ci;
/*!40101 SET character_set_client = @saved_cs_client */;

--
-- Dumping data for table `documento`
--

LOCK TABLES `documento` WRITE;
/*!40000 ALTER TABLE `documento` DISABLE KEYS */;
/*!40000 ALTER TABLE `documento` ENABLE KEYS */;
UNLOCK TABLES;

--
-- Table structure for table `estado`
--

DROP TABLE IF EXISTS `estado`;
/*!40101 SET @saved_cs_client     = @@character_set_client */;
/*!50503 SET character_set_client = utf8mb4 */;
CREATE TABLE `estado` (
  `est_id` int NOT NULL AUTO_INCREMENT,
  `est_nombre` varchar(50) NOT NULL,
  PRIMARY KEY (`est_id`),
  KEY `index_nombre` (`est_nombre`) USING BTREE
) ENGINE=InnoDB AUTO_INCREMENT=33 DEFAULT CHARSET=utf8mb4 COLLATE=utf8mb4_0900_ai_ci;
/*!40101 SET character_set_client = @saved_cs_client */;

--
-- Dumping data for table `estado`
--

LOCK TABLES `estado` WRITE;
/*!40000 ALTER TABLE `estado` DISABLE KEYS */;
INSERT INTO `estado` VALUES (1,'Aguascalientes'),(2,'Baja California'),(3,'Baja California Sur'),(4,'Campeche'),(5,'Chiapas'),(6,'Chihuahua'),(9,'Ciudad de México'),(7,'Coahuila'),(8,'Colima'),(10,'Durango'),(11,'Estado de México'),(12,'Guanajuato'),(13,'Guerrero'),(14,'Hidalgo'),(15,'Jalisco'),(16,'Michoacán'),(17,'Morelos'),(18,'Nayarit'),(19,'Nuevo León'),(20,'Oaxaca'),(21,'Puebla'),(22,'Querétaro'),(23,'Quintana Roo'),(24,'San Luis Potosí'),(25,'Sinaloa'),(26,'Sonora'),(27,'Tabasco'),(28,'Tamaulipas'),(29,'Tlaxcala'),(30,'Veracruz'),(31,'Yucatán'),(32,'Zacatecas');
/*!40000 ALTER TABLE `estado` ENABLE KEYS */;
UNLOCK TABLES;

--
-- Table structure for table `movimiento`
--

DROP TABLE IF EXISTS `movimiento`;
/*!40101 SET @saved_cs_client     = @@character_set_client */;
/*!50503 SET character_set_client = utf8mb4 */;
CREATE TABLE `movimiento` (
  `mov_id` int NOT NULL AUTO_INCREMENT,
  `mov_fkusuario` int NOT NULL,
  `mov_fktmov` int NOT NULL,
  `mov_cantidad` decimal(10,2) NOT NULL,
  `mov_fecha` date NOT NULL,
  PRIMARY KEY (`mov_id`),
  KEY `mov_fkusuario_idx` (`mov_fkusuario`),
  KEY `mov_fktmov_idx` (`mov_fktmov`),
  CONSTRAINT `mov_fktmov` FOREIGN KEY (`mov_fktmov`) REFERENCES `tmovimiento` (`tmov_id`),
  CONSTRAINT `mov_fkusuario` FOREIGN KEY (`mov_fkusuario`) REFERENCES `usuario` (`usu_id`)
) ENGINE=InnoDB AUTO_INCREMENT=28 DEFAULT CHARSET=utf8mb4 COLLATE=utf8mb4_0900_ai_ci;
/*!40101 SET character_set_client = @saved_cs_client */;

--
-- Dumping data for table `movimiento`
--

LOCK TABLES `movimiento` WRITE;
/*!40000 ALTER TABLE `movimiento` DISABLE KEYS */;
INSERT INTO `movimiento` VALUES (1,4,1,2156.00,'2025-04-07'),(2,3,2,2541.00,'2025-04-07'),(3,5,1,215.00,'2025-04-07'),(4,3,2,511.00,'2025-04-07'),(5,5,2,51561.00,'2025-04-07'),(6,4,1,156.00,'2025-04-07');
/*!40000 ALTER TABLE `movimiento` ENABLE KEYS */;
UNLOCK TABLES;

--
-- Table structure for table `municipio`
--

DROP TABLE IF EXISTS `municipio`;
/*!40101 SET @saved_cs_client     = @@character_set_client */;
/*!50503 SET character_set_client = utf8mb4 */;
CREATE TABLE `municipio` (
  `mun_id` int NOT NULL AUTO_INCREMENT,
  `mun_nombre` varchar(50) NOT NULL,
  `mun_fkestado` int NOT NULL,
  PRIMARY KEY (`mun_id`),
  KEY `index_nombre` (`mun_nombre`) USING BTREE,
  KEY `mun_fkestado_idx` (`mun_fkestado`),
  CONSTRAINT `mun_fkestado` FOREIGN KEY (`mun_fkestado`) REFERENCES `estado` (`est_id`)
) ENGINE=InnoDB AUTO_INCREMENT=32059 DEFAULT CHARSET=utf8mb4 COLLATE=utf8mb4_0900_ai_ci;
/*!40101 SET character_set_client = @saved_cs_client */;

--
-- Dumping data for table `municipio`
--

LOCK TABLES `municipio` WRITE;
/*!40000 ALTER TABLE `municipio` DISABLE KEYS */;
INSERT INTO `municipio` VALUES (1001,'Aguascalientes',1),(1002,'Asientos',1),(1003,'Calvillo',1),(1004,'Cosío',1),(1005,'Jesús María',1),(1006,'Pabellón de Arteaga',1),(1007,'Rincón de Romos',1),(1008,'San José de Gracia',1),(1009,'Tepezalá',1),(1010,'El Llano',1),(1011,'San Francisco de los Romo',1),(2001,'Ensenada',2),(2002,'Mexicali',2),(2003,'Tecate',2),(2004,'Tijuana',2),(2005,'Playas de Rosarito',2),(3001,'Comondú',3),(3002,'Mulegé',3),(3003,'La Paz',3),(3008,'Los Cabos',3),(3009,'Loreto',3),(4001,'Calkiní',4),(4002,'Campeche',4),(4003,'Carmen',4),(4004,'Champotón',4),(4005,'Hecelchakán',4),(4006,'Hopelchén',4),(4007,'Palizada',4),(4008,'Tenabo',4),(4009,'Escárcega',4),(4010,'Calakmul',4),(4011,'Candelaria',4),(5001,'Abasolo',5),(5002,'Acuña',5),(5003,'Allende',5),(5004,'Arteaga',5),(5005,'Candela',5),(5006,'Castaños',5),(5007,'Cuatro Ciénegas',5),(5008,'Escobedo',5),(5009,'Francisco I. Madero',5),(5010,'Frontera',5),(5011,'General Cepeda',5),(5012,'Guerrero',5),(5013,'Hidalgo',5),(5014,'Jiménez',5),(5015,'Juárez',5),(5016,'Lamadrid',5),(5017,'Matamoros',5),(5018,'Monclova',5),(5019,'Morelos',5),(5020,'Múzquiz',5),(5021,'Nadadores',5),(5022,'Nava',5),(5023,'Ocampo',5),(5024,'Parras',5),(5025,'Piedras Negras',5),(5026,'Progreso',5),(5027,'Ramos Arizpe',5),(5028,'Sabinas',5),(5029,'Sacramento',5),(5030,'Saltillo',5),(5031,'San Buenaventura',5),(5032,'San Juan de Sabinas',5),(5033,'San Pedro',5),(5034,'Sierra Mojada',5),(5035,'Torreón',5),(5036,'Viesca',5),(5037,'Villa Unión',5),(5038,'Zaragoza',5),(6001,'Armería',6),(6002,'Colima',6),(6003,'Comala',6),(6004,'Coquimatlán',6),(6005,'Cuauhtémoc',6),(6006,'Ixtlahuacán',6),(6007,'Manzanillo',6),(6008,'Minatitlán',6),(6009,'Tecomán',6),(6010,'Villa de Álvarez',6),(7001,'Acacoyagua',7),(7002,'Acala',7),(7003,'Acapetahua',7),(7004,'Altamirano',7),(7005,'Amatán',7),(7006,'Amatenango de la Frontera',7),(7007,'Amatenango del Valle',7),(7008,'Angel Albino Corzo',7),(7009,'Arriaga',7),(7010,'Bejucal de Ocampo',7),(7011,'Bella Vista',7),(7012,'Berriozábal',7),(7013,'Bochil',7),(7014,'El Bosque',7),(7015,'Cacahoatán',7),(7016,'Catazajá',7),(7017,'Cintalapa',7),(7018,'Coapilla',7),(7019,'Comitán de Domínguez',7),(7020,'La Concordia',7),(7021,'Copainalá',7),(7022,'Chalchihuitán',7),(7023,'Chamula',7),(7024,'Chanal',7),(7025,'Chapultenango',7),(7026,'Chenalhó',7),(7027,'Chiapa de Corzo',7),(7028,'Chiapilla',7),(7029,'Chicoasén',7),(7030,'Chicomuselo',7),(7031,'Chilón',7),(7032,'Escuintla',7),(7033,'Francisco León',7),(7034,'Frontera Comalapa',7),(7035,'Frontera Hidalgo',7),(7036,'La Grandeza',7),(7037,'Huehuetán',7),(7038,'Huixtán',7),(7039,'Huitiupán',7),(7040,'Huixtla',7),(7041,'La Independencia',7),(7042,'Ixhuatán',7),(7043,'Ixtacomitán',7),(7044,'Ixtapa',7),(7045,'Ixtapangajoya',7),(7046,'Jiquipilas',7),(7047,'Jitotol',7),(7048,'Juárez',7),(7049,'Larráinzar',7),(7050,'La Libertad',7),(7051,'Mapastepec',7),(7052,'Las Margaritas',7),(7053,'Mazapa de Madero',7),(7054,'Mazatán',7),(7055,'Metapa',7),(7056,'Mitontic',7),(7057,'Motozintla',7),(7058,'Nicolás Ruíz',7),(7059,'Ocosingo',7),(7060,'Ocotepec',7),(7061,'Ocozocoautla de Espinosa',7),(7062,'Ostuacán',7),(7063,'Osumacinta',7),(7064,'Oxchuc',7),(7065,'Palenque',7),(7066,'Pantelhó',7),(7067,'Pantepec',7),(7068,'Pichucalco',7),(7069,'Pijijiapan',7),(7070,'El Porvenir',7),(7071,'Villa Comaltitlán',7),(7072,'Pueblo Nuevo Solistahuacán',7),(7073,'Rayón',7),(7074,'Reforma',7),(7075,'Las Rosas',7),(7076,'Sabanilla',7),(7077,'Salto de Agua',7),(7078,'San Cristóbal de las Casas',7),(7079,'San Fernando',7),(7080,'Siltepec',7),(7081,'Simojovel',7),(7082,'Sitalá',7),(7083,'Socoltenango',7),(7084,'Solosuchiapa',7),(7085,'Soyaló',7),(7086,'Suchiapa',7),(7087,'Suchiate',7),(7088,'Sunuapa',7),(7089,'Tapachula',7),(7090,'Tapalapa',7),(7091,'Tapilula',7),(7092,'Tecpatán',7),(7093,'Tenejapa',7),(7094,'Teopisca',7),(7096,'Tila',7),(7097,'Tonalá',7),(7098,'Totolapa',7),(7099,'La Trinitaria',7),(7100,'Tumbalá',7),(7101,'Tuxtla Gutiérrez',7),(7102,'Tuxtla Chico',7),(7103,'Tuzantán',7),(7104,'Tzimol',7),(7105,'Unión Juárez',7),(7106,'Venustiano Carranza',7),(7107,'Villa Corzo',7),(7108,'Villaflores',7),(7109,'Yajalón',7),(7110,'San Lucas',7),(7111,'Zinacantán',7),(7112,'San Juan Cancuc',7),(7113,'Aldama',7),(7114,'Benemérito de las Américas',7),(7115,'Maravilla Tenejapa',7),(7116,'Marqués de Comillas',7),(7117,'Montecristo de Guerrero',7),(7118,'San Andrés Duraznal',7),(7119,'Santiago el Pinar',7),(7120,'Capitán Luis Ángel Vidal',7),(7121,'Rincón Chamula San Pedro',7),(7122,'El Parral',7),(7123,'Emiliano Zapata',7),(7124,'Mezcalapa',7),(8001,'Ahumada',8),(8002,'Aldama',8),(8003,'Allende',8),(8004,'Aquiles Serdán',8),(8005,'Ascensión',8),(8006,'Bachíniva',8),(8007,'Balleza',8),(8008,'Batopilas de Manuel Gómez Morín',8),(8009,'Bocoyna',8),(8010,'Buenaventura',8),(8011,'Camargo',8),(8012,'Carichí',8),(8013,'Casas Grandes',8),(8014,'Coronado',8),(8015,'Coyame del Sotol',8),(8016,'La Cruz',8),(8017,'Cuauhtémoc',8),(8018,'Cusihuiriachi',8),(8019,'Chihuahua',8),(8020,'Chínipas',8),(8021,'Delicias',8),(8022,'Dr. Belisario Domínguez',8),(8023,'Galeana',8),(8024,'Santa Isabel',8),(8025,'Gómez Farías',8),(8026,'Gran Morelos',8),(8027,'Guachochi',8),(8028,'Guadalupe',8),(8029,'Guadalupe y Calvo',8),(8030,'Guazapares',8),(8031,'Guerrero',8),(8032,'Hidalgo del Parral',8),(8033,'Huejotitán',8),(8034,'Ignacio Zaragoza',8),(8035,'Janos',8),(8036,'Jiménez',8),(8037,'Juárez',8),(8038,'Julimes',8),(8039,'López',8),(8040,'Madera',8),(8041,'Maguarichi',8),(8042,'Manuel Benavides',8),(8043,'Matachí',8),(8044,'Matamoros',8),(8045,'Meoqui',8),(8046,'Morelos',8),(8047,'Moris',8),(8048,'Namiquipa',8),(8049,'Nonoava',8),(8050,'Nuevo Casas Grandes',8),(8051,'Ocampo',8),(8052,'Ojinaga',8),(8053,'Praxedis G. Guerrero',8),(8054,'Riva Palacio',8),(8055,'Rosales',8),(8056,'Rosario',8),(8057,'San Francisco de Borja',8),(8058,'San Francisco de Conchos',8),(8059,'San Francisco del Oro',8),(8060,'Santa Bárbara',8),(8061,'Satevó',8),(8062,'Saucillo',8),(8063,'Temósachic',8),(8064,'El Tule',8),(8065,'Urique',8),(8066,'Uruachi',8),(8067,'Valle de Zaragoza',8),(9002,'Azcapotzalco',9),(9003,'Coyoacán',9),(9004,'Cuajimalpa de Morelos',9),(9005,'Gustavo A. Madero',9),(9006,'Iztacalco',9),(9007,'Iztapalapa',9),(9008,'La Magdalena Contreras',9),(9009,'Milpa Alta',9),(9010,'Álvaro Obregón',9),(9011,'Tláhuac',9),(9012,'Tlalpan',9),(9013,'Xochimilco',9),(9014,'Benito Juárez',9),(9015,'Cuauhtémoc',9),(9016,'Miguel Hidalgo',9),(9017,'Venustiano Carranza',9),(10001,'Canatlán',10),(10002,'Canelas',10),(10003,'Coneto de Comonfort',10),(10004,'Cuencamé',10),(10005,'Durango',10),(10006,'General Simón Bolívar',10),(10007,'Gómez Palacio',10),(10008,'Guadalupe Victoria',10),(10009,'Guanaceví',10),(10010,'Hidalgo',10),(10011,'Indé',10),(10012,'Lerdo',10),(10013,'Mapimí',10),(10014,'Mezquital',10),(10015,'Nazas',10),(10016,'Nombre de Dios',10),(10017,'Ocampo',10),(10018,'El Oro',10),(10019,'Otáez',10),(10020,'Pánuco de Coronado',10),(10021,'Peñón Blanco',10),(10022,'Poanas',10),(10023,'Pueblo Nuevo',10),(10024,'Rodeo',10),(10025,'San Bernardo',10),(10026,'San Dimas',10),(10027,'San Juan de Guadalupe',10),(10028,'San Juan del Río',10),(10029,'San Luis del Cordero',10),(10030,'San Pedro del Gallo',10),(10031,'Santa Clara',10),(10032,'Santiago Papasquiaro',10),(10033,'Súchil',10),(10034,'Tamazula',10),(10035,'Tepehuanes',10),(10036,'Tlahualilo',10),(10037,'Topia',10),(10038,'Vicente Guerrero',10),(10039,'Nuevo Ideal',10),(11001,'Abasolo',11),(11002,'Acámbaro',11),(11003,'San Miguel de Allende',11),(11004,'Apaseo el Alto',11),(11005,'Apaseo el Grande',11),(11006,'Atarjea',11),(11007,'Celaya',11),(11008,'Manuel Doblado',11),(11009,'Comonfort',11),(11010,'Coroneo',11),(11011,'Cortazar',11),(11012,'Cuerámaro',11),(11013,'Doctor Mora',11),(11014,'Dolores Hidalgo Cuna de la Independencia Nacional',11),(11015,'Guanajuato',11),(11016,'Huanímaro',11),(11017,'Irapuato',11),(11018,'Jaral del Progreso',11),(11019,'Jerécuaro',11),(11020,'León',11),(11021,'Moroleón',11),(11022,'Ocampo',11),(11023,'Pénjamo',11),(11024,'Pueblo Nuevo',11),(11025,'Purísima del Rincón',11),(11026,'Romita',11),(11027,'Salamanca',11),(11028,'Salvatierra',11),(11029,'San Diego de la Unión',11),(11030,'San Felipe',11),(11031,'San Francisco del Rincón',11),(11032,'San José Iturbide',11),(11033,'San Luis de la Paz',11),(11034,'Santa Catarina',11),(11035,'Santa Cruz de Juventino Rosas',11),(11036,'Santiago Maravatío',11),(11037,'Silao de la Victoria',11),(11038,'Tarandacuao',11),(11039,'Tarimoro',11),(11040,'Tierra Blanca',11),(11041,'Uriangato',11),(11042,'Valle de Santiago',11),(11043,'Victoria',11),(11044,'Villagrán',11),(11045,'Xichú',11),(11046,'Yuriria',11),(12001,'Acapulco de Juárez',12),(12002,'Ahuacuotzingo',12),(12003,'Ajuchitlán del Progreso',12),(12004,'Alcozauca de Guerrero',12),(12005,'Alpoyeca',12),(12006,'Apaxtla',12),(12007,'Arcelia',12),(12008,'Atenango del Río',12),(12009,'Atlamajalcingo del Monte',12),(12010,'Atlixtac',12),(12011,'Atoyac de Álvarez',12),(12012,'Ayutla de los Libres',12),(12013,'Azoyú',12),(12014,'Benito Juárez',12),(12015,'Buenavista de Cuéllar',12),(12016,'Coahuayutla de José María Izazaga',12),(12017,'Cocula',12),(12018,'Copala',12),(12019,'Copalillo',12),(12020,'Copanatoyac',12),(12021,'Coyuca de Benítez',12),(12022,'Coyuca de Catalán',12),(12023,'Cuajinicuilapa',12),(12024,'Cualác',12),(12025,'Cuautepec',12),(12026,'Cuetzala del Progreso',12),(12027,'Cutzamala de Pinzón',12),(12028,'Chilapa de Álvarez',12),(12029,'Chilpancingo de los Bravo',12),(12030,'Florencio Villarreal',12),(12031,'General Canuto A. Neri',12),(12032,'General Heliodoro Castillo',12),(12033,'Huamuxtitlán',12),(12034,'Huitzuco de los Figueroa',12),(12035,'Iguala de la Independencia',12),(12036,'Igualapa',12),(12037,'Ixcateopan de Cuauhtémoc',12),(12038,'Zihuatanejo de Azueta',12),(12039,'Juan R. Escudero',12),(12040,'Leonardo Bravo',12),(12041,'Malinaltepec',12),(12042,'Mártir de Cuilapan',12),(12043,'Metlatónoc',12),(12044,'Mochitlán',12),(12045,'Olinalá',12),(12046,'Ometepec',12),(12047,'Pedro Ascencio Alquisiras',12),(12048,'Petatlán',12),(12049,'Pilcaya',12),(12050,'Pungarabato',12),(12051,'Quechultenango',12),(12052,'San Luis Acatlán',12),(12053,'San Marcos',12),(12054,'San Miguel Totolapan',12),(12055,'Taxco de Alarcón',12),(12056,'Tecoanapa',12),(12057,'Técpan de Galeana',12),(12058,'Teloloapan',12),(12059,'Tepecoacuilco de Trujano',12),(12060,'Tetipac',12),(12061,'Tixtla de Guerrero',12),(12062,'Tlacoachistlahuaca',12),(12063,'Tlacoapa',12),(12064,'Tlalchapa',12),(12065,'Tlalixtaquilla de Maldonado',12),(12066,'Tlapa de Comonfort',12),(12067,'Tlapehuala',12),(12068,'La Unión de Isidoro Montes de Oca',12),(12069,'Xalpatláhuac',12),(12070,'Xochihuehuetlán',12),(12071,'Xochistlahuaca',12),(12072,'Zapotitlán Tablas',12),(12073,'Zirándaro',12),(12074,'Zitlala',12),(12075,'Eduardo Neri',12),(12076,'Acatepec',12),(12077,'Marquelia',12),(12078,'Cochoapa el Grande',12),(12079,'José Joaquín de Herrera',12),(12080,'Juchitán',12),(12081,'Iliatenco',12),(13001,'Acatlán',13),(13002,'Acaxochitlán',13),(13003,'Actopan',13),(13004,'Agua Blanca de Iturbide',13),(13005,'Ajacuba',13),(13006,'Alfajayucan',13),(13007,'Almoloya',13),(13008,'Apan',13),(13009,'El Arenal',13),(13010,'Atitalaquia',13),(13011,'Atlapexco',13),(13012,'Atotonilco el Grande',13),(13013,'Atotonilco de Tula',13),(13014,'Calnali',13),(13015,'Cardonal',13),(13016,'Cuautepec de Hinojosa',13),(13017,'Chapantongo',13),(13018,'Chapulhuacán',13),(13019,'Chilcuautla',13),(13020,'Eloxochitlán',13),(13021,'Emiliano Zapata',13),(13022,'Epazoyucan',13),(13023,'Francisco I. Madero',13),(13024,'Huasca de Ocampo',13),(13025,'Huautla',13),(13026,'Huazalingo',13),(13027,'Huehuetla',13),(13028,'Huejutla de Reyes',13),(13029,'Huichapan',13),(13030,'Ixmiquilpan',13),(13031,'Jacala de Ledezma',13),(13032,'Jaltocán',13),(13033,'Juárez Hidalgo',13),(13034,'Lolotla',13),(13035,'Metepec',13),(13036,'San Agustín Metzquititlán',13),(13037,'Metztitlán',13),(13038,'Mineral del Chico',13),(13039,'Mineral del Monte',13),(13040,'La Misión',13),(13041,'Mixquiahuala de Juárez',13),(13042,'Molango de Escamilla',13),(13043,'Nicolás Flores',13),(13044,'Nopala de Villagrán',13),(13045,'Omitlán de Juárez',13),(13046,'San Felipe Orizatlán',13),(13047,'Pacula',13),(13048,'Pachuca de Soto',13),(13049,'Pisaflores',13),(13050,'Progreso de Obregón',13),(13051,'Mineral de la Reforma',13),(13052,'San Agustín Tlaxiaca',13),(13053,'San Bartolo Tutotepec',13),(13054,'San Salvador',13),(13055,'Santiago de Anaya',13),(13056,'Santiago Tulantepec de Lugo Guerrero',13),(13057,'Singuilucan',13),(13058,'Tasquillo',13),(13059,'Tecozautla',13),(13060,'Tenango de Doria',13),(13061,'Tepeapulco',13),(13062,'Tepehuacán de Guerrero',13),(13063,'Tepeji del Río de Ocampo',13),(13064,'Tepetitlán',13),(13065,'Tetepango',13),(13066,'Villa de Tezontepec',13),(13067,'Tezontepec de Aldama',13),(13068,'Tianguistengo',13),(13069,'Tizayuca',13),(13070,'Tlahuelilpan',13),(13071,'Tlahuiltepa',13),(13072,'Tlanalapa',13),(13073,'Tlanchinol',13),(13074,'Tlaxcoapan',13),(13075,'Tolcayuca',13),(13076,'Tula de Allende',13),(13077,'Tulancingo de Bravo',13),(13078,'Xochiatipan',13),(13079,'Xochicoatlán',13),(13080,'Yahualica',13),(13081,'Zacualtipán de Ángeles',13),(13082,'Zapotlán de Juárez',13),(13083,'Zempoala',13),(13084,'Zimapán',13),(14001,'Acatic',14),(14002,'Acatlán de Juárez',14),(14003,'Ahualulco de Mercado',14),(14004,'Amacueca',14),(14005,'Amatitán',14),(14006,'Ameca',14),(14007,'San Juanito de Escobedo',14),(14008,'Arandas',14),(14009,'El Arenal',14),(14010,'Atemajac de Brizuela',14),(14011,'Atengo',14),(14012,'Atenguillo',14),(14013,'Atotonilco el Alto',14),(14014,'Atoyac',14),(14015,'Autlán de Navarro',14),(14016,'Ayotlán',14),(14017,'Ayutla',14),(14018,'La Barca',14),(14019,'Bolaños',14),(14020,'Cabo Corrientes',14),(14021,'Casimiro Castillo',14),(14022,'Cihuatlán',14),(14023,'Zapotlán el Grande',14),(14024,'Cocula',14),(14025,'Colotlán',14),(14026,'Concepción de Buenos Aires',14),(14027,'Cuautitlán de García Barragán',14),(14028,'Cuautla',14),(14029,'Cuquío',14),(14030,'Chapala',14),(14031,'Chimaltitán',14),(14032,'Chiquilistlán',14),(14033,'Degollado',14),(14034,'Ejutla',14),(14035,'Encarnación de Díaz',14),(14036,'Etzatlán',14),(14037,'El Grullo',14),(14038,'Guachinango',14),(14039,'Guadalajara',14),(14040,'Hostotipaquillo',14),(14041,'Huejúcar',14),(14042,'Huejuquilla el Alto',14),(14043,'La Huerta',14),(14044,'Ixtlahuacán de los Membrillos',14),(14045,'Ixtlahuacán del Río',14),(14046,'Jalostotitlán',14),(14047,'Jamay',14),(14048,'Jesús María',14),(14049,'Jilotlán de los Dolores',14),(14050,'Jocotepec',14),(14051,'Juanacatlán',14),(14052,'Juchitlán',14),(14053,'Lagos de Moreno',14),(14054,'El Limón',14),(14055,'Magdalena',14),(14056,'Santa María del Oro',14),(14057,'La Manzanilla de la Paz',14),(14058,'Mascota',14),(14059,'Mazamitla',14),(14060,'Mexticacán',14),(14061,'Mezquitic',14),(14062,'Mixtlán',14),(14063,'Ocotlán',14),(14064,'Ojuelos de Jalisco',14),(14065,'Pihuamo',14),(14066,'Poncitlán',14),(14067,'Puerto Vallarta',14),(14068,'Villa Purificación',14),(14069,'Quitupan',14),(14070,'El Salto',14),(14071,'San Cristóbal de la Barranca',14),(14072,'San Diego de Alejandría',14),(14073,'San Juan de los Lagos',14),(14074,'San Julián',14),(14075,'San Marcos',14),(14076,'San Martín de Bolaños',14),(14077,'San Martín Hidalgo',14),(14078,'San Miguel el Alto',14),(14079,'Gómez Farías',14),(14080,'San Sebastián del Oeste',14),(14081,'Santa María de los Ángeles',14),(14082,'Sayula',14),(14083,'Tala',14),(14084,'Talpa de Allende',14),(14085,'Tamazula de Gordiano',14),(14086,'Tapalpa',14),(14087,'Tecalitlán',14),(14088,'Tecolotlán',14),(14089,'Techaluta de Montenegro',14),(14090,'Tenamaxtlán',14),(14091,'Teocaltiche',14),(14092,'Teocuitatlán de Corona',14),(14093,'Tepatitlán de Morelos',14),(14094,'Tequila',14),(14095,'Teuchitlán',14),(14096,'Tizapán el Alto',14),(14097,'Tlajomulco de Zúñiga',14),(14098,'San Pedro Tlaquepaque',14),(14099,'Tolimán',14),(14100,'Tomatlán',14),(14101,'Tonalá',14),(14102,'Tonaya',14),(14103,'Tonila',14),(14104,'Totatiche',14),(14105,'Tototlán',14),(14106,'Tuxcacuesco',14),(14107,'Tuxcueca',14),(14108,'Tuxpan',14),(14109,'Unión de San Antonio',14),(14110,'Unión de Tula',14),(14111,'Valle de Guadalupe',14),(14112,'Valle de Juárez',14),(14113,'San Gabriel',14),(14114,'Villa Corona',14),(14115,'Villa Guerrero',14),(14116,'Villa Hidalgo',14),(14117,'Cañadas de Obregón',14),(14118,'Yahualica de González Gallo',14),(14119,'Zacoalco de Torres',14),(14120,'Zapopan',14),(14121,'Zapotiltic',14),(14122,'Zapotitlán de Vadillo',14),(14123,'Zapotlán del Rey',14),(14124,'Zapotlanejo',14),(14125,'San Ignacio Cerro Gordo',14),(15001,'Acambay de Ruíz Castañeda',15),(15002,'Acolman',15),(15003,'Aculco',15),(15004,'Almoloya de Alquisiras',15),(15005,'Almoloya de Juárez',15),(15006,'Almoloya del Río',15),(15007,'Amanalco',15),(15008,'Amatepec',15),(15009,'Amecameca',15),(15010,'Apaxco',15),(15011,'Atenco',15),(15012,'Atizapán',15),(15013,'Atizapán de Zaragoza',15),(15014,'Atlacomulco',15),(15015,'Atlautla',15),(15016,'Axapusco',15),(15017,'Ayapango',15),(15018,'Calimaya',15),(15019,'Capulhuac',15),(15020,'Coacalco de Berriozábal',15),(15021,'Coatepec Harinas',15),(15022,'Cocotitlán',15),(15023,'Coyotepec',15),(15024,'Cuautitlán',15),(15025,'Chalco',15),(15026,'Chapa de Mota',15),(15027,'Chapultepec',15),(15028,'Chiautla',15),(15029,'Chicoloapan',15),(15030,'Chiconcuac',15),(15031,'Chimalhuacán',15),(15032,'Donato Guerra',15),(15033,'Ecatepec de Morelos',15),(15034,'Ecatzingo',15),(15035,'Huehuetoca',15),(15036,'Hueypoxtla',15),(15037,'Huixquilucan',15),(15038,'Isidro Fabela',15),(15039,'Ixtapaluca',15),(15040,'Ixtapan de la Sal',15),(15041,'Ixtapan del Oro',15),(15042,'Ixtlahuaca',15),(15043,'Xalatlaco',15),(15044,'Jaltenco',15),(15045,'Jilotepec',15),(15046,'Jilotzingo',15),(15047,'Jiquipilco',15),(15048,'Jocotitlán',15),(15049,'Joquicingo',15),(15050,'Juchitepec',15),(15051,'Lerma',15),(15052,'Malinalco',15),(15053,'Melchor Ocampo',15),(15054,'Metepec',15),(15055,'Mexicaltzingo',15),(15056,'Morelos',15),(15057,'Naucalpan de Juárez',15),(15058,'Nezahualcóyotl',15),(15059,'Nextlalpan',15),(15060,'Nicolás Romero',15),(15061,'Nopaltepec',15),(15062,'Ocoyoacac',15),(15063,'Ocuilan',15),(15064,'El Oro',15),(15065,'Otumba',15),(15066,'Otzoloapan',15),(15067,'Otzolotepec',15),(15068,'Ozumba',15),(15069,'Papalotla',15),(15070,'La Paz',15),(15071,'Polotitlán',15),(15072,'Rayón',15),(15073,'San Antonio la Isla',15),(15074,'San Felipe del Progreso',15),(15075,'San Martín de las Pirámides',15),(15076,'San Mateo Atenco',15),(15077,'San Simón de Guerrero',15),(15078,'Santo Tomás',15),(15079,'Soyaniquilpan de Juárez',15),(15080,'Sultepec',15),(15081,'Tecámac',15),(15082,'Tejupilco',15),(15083,'Temamatla',15),(15084,'Temascalapa',15),(15085,'Temascalcingo',15),(15086,'Temascaltepec',15),(15087,'Temoaya',15),(15088,'Tenancingo',15),(15089,'Tenango del Aire',15),(15090,'Tenango del Valle',15),(15091,'Teoloyucan',15),(15092,'Teotihuacán',15),(15093,'Tepetlaoxtoc',15),(15094,'Tepetlixpa',15),(15095,'Tepotzotlán',15),(15096,'Tequixquiac',15),(15097,'Texcaltitlán',15),(15098,'Texcalyacac',15),(15099,'Texcoco',15),(15100,'Tezoyuca',15),(15101,'Tianguistenco',15),(15102,'Timilpan',15),(15103,'Tlalmanalco',15),(15104,'Tlalnepantla de Baz',15),(15105,'Tlatlaya',15),(15106,'Toluca',15),(15107,'Tonatico',15),(15108,'Tultepec',15),(15109,'Tultitlán',15),(15110,'Valle de Bravo',15),(15111,'Villa de Allende',15),(15112,'Villa del Carbón',15),(15113,'Villa Guerrero',15),(15114,'Villa Victoria',15),(15115,'Xonacatlán',15),(15116,'Zacazonapan',15),(15117,'Zacualpan',15),(15118,'Zinacantepec',15),(15119,'Zumpahuacán',15),(15120,'Zumpango',15),(15121,'Cuautitlán Izcalli',15),(15122,'Valle de Chalco Solidaridad',15),(15123,'Luvianos',15),(15124,'San José del Rincón',15),(15125,'Tonanitla',15),(16001,'Acuitzio',16),(16002,'Aguililla',16),(16003,'Álvaro Obregón',16),(16004,'Angamacutiro',16),(16005,'Angangueo',16),(16006,'Apatzingán',16),(16007,'Aporo',16),(16008,'Aquila',16),(16009,'Ario',16),(16010,'Arteaga',16),(16011,'Briseñas',16),(16012,'Buenavista',16),(16013,'Carácuaro',16),(16014,'Coahuayana',16),(16015,'Coalcomán de Vázquez Pallares',16),(16016,'Coeneo',16),(16017,'Contepec',16),(16018,'Copándaro',16),(16019,'Cotija',16),(16020,'Cuitzeo',16),(16021,'Charapan',16),(16022,'Charo',16),(16023,'Chavinda',16),(16024,'Cherán',16),(16025,'Chilchota',16),(16026,'Chinicuila',16),(16027,'Chucándiro',16),(16028,'Churintzio',16),(16029,'Churumuco',16),(16030,'Ecuandureo',16),(16031,'Epitacio Huerta',16),(16032,'Erongarícuaro',16),(16033,'Gabriel Zamora',16),(16034,'Hidalgo',16),(16035,'La Huacana',16),(16036,'Huandacareo',16),(16037,'Huaniqueo',16),(16038,'Huetamo',16),(16039,'Huiramba',16),(16040,'Indaparapeo',16),(16041,'Irimbo',16),(16042,'Ixtlán',16),(16043,'Jacona',16),(16044,'Jiménez',16),(16045,'Jiquilpan',16),(16046,'Juárez',16),(16047,'Jungapeo',16),(16048,'Lagunillas',16),(16049,'Madero',16),(16050,'Maravatío',16),(16051,'Marcos Castellanos',16),(16052,'Lázaro Cárdenas',16),(16053,'Morelia',16),(16054,'Morelos',16),(16055,'Múgica',16),(16056,'Nahuatzen',16),(16057,'Nocupétaro',16),(16058,'Nuevo Parangaricutiro',16),(16059,'Nuevo Urecho',16),(16060,'Numarán',16),(16061,'Ocampo',16),(16062,'Pajacuarán',16),(16063,'Panindícuaro',16),(16064,'Parácuaro',16),(16065,'Paracho',16),(16066,'Pátzcuaro',16),(16067,'Penjamillo',16),(16068,'Peribán',16),(16069,'La Piedad',16),(16070,'Purépero',16),(16071,'Puruándiro',16),(16072,'Queréndaro',16),(16073,'Quiroga',16),(16074,'Cojumatlán de Régules',16),(16075,'Los Reyes',16),(16076,'Sahuayo',16),(16077,'San Lucas',16),(16078,'Santa Ana Maya',16),(16079,'Salvador Escalante',16),(16080,'Senguio',16),(16081,'Susupuato',16),(16082,'Tacámbaro',16),(16083,'Tancítaro',16),(16084,'Tangamandapio',16),(16085,'Tangancícuaro',16),(16086,'Tanhuato',16),(16087,'Taretan',16),(16088,'Tarímbaro',16),(16089,'Tepalcatepec',16),(16090,'Tingambato',16),(16091,'Tingüindín',16),(16092,'Tiquicheo de Nicolás Romero',16),(16093,'Tlalpujahua',16),(16094,'Tlazazalca',16),(16095,'Tocumbo',16),(16096,'Tumbiscatío',16),(16097,'Turicato',16),(16098,'Tuxpan',16),(16099,'Tuzantla',16),(16100,'Tzintzuntzan',16),(16101,'Tzitzio',16),(16102,'Uruapan',16),(16103,'Venustiano Carranza',16),(16104,'Villamar',16),(16105,'Vista Hermosa',16),(16106,'Yurécuaro',16),(16107,'Zacapu',16),(16108,'Zamora',16),(16109,'Zináparo',16),(16110,'Zinapécuaro',16),(16111,'Ziracuaretiro',16),(16112,'Zitácuaro',16),(16113,'José Sixto Verduzco',16),(17001,'Amacuzac',17),(17002,'Atlatlahucan',17),(17003,'Axochiapan',17),(17004,'Ayala',17),(17005,'Coatlán del Río',17),(17006,'Cuautla',17),(17007,'Cuernavaca',17),(17008,'Emiliano Zapata',17),(17009,'Huitzilac',17),(17010,'Jantetelco',17),(17011,'Jiutepec',17),(17012,'Jojutla',17),(17013,'Jonacatepec de Leandro Valle',17),(17014,'Mazatepec',17),(17015,'Miacatlán',17),(17016,'Ocuituco',17),(17017,'Puente de Ixtla',17),(17018,'Temixco',17),(17019,'Tepalcingo',17),(17020,'Tepoztlán',17),(17021,'Tetecala',17),(17022,'Tetela del Volcán',17),(17023,'Tlalnepantla',17),(17024,'Tlaltizapán de Zapata',17),(17025,'Tlaquiltenango',17),(17026,'Tlayacapan',17),(17027,'Totolapan',17),(17028,'Xochitepec',17),(17029,'Yautepec',17),(17030,'Yecapixtla',17),(17031,'Zacatepec',17),(17032,'Zacualpan de Amilpas',17),(17033,'Temoac',17),(17034,'Coatetelco',17),(17035,'Xoxocotla',17),(18001,'Acaponeta',18),(18002,'Ahuacatlán',18),(18003,'Amatlán de Cañas',18),(18004,'Compostela',18),(18005,'Huajicori',18),(18006,'Ixtlán del Río',18),(18007,'Jala',18),(18008,'Xalisco',18),(18009,'Del Nayar',18),(18010,'Rosamorada',18),(18011,'Ruíz',18),(18012,'San Blas',18),(18013,'San Pedro Lagunillas',18),(18014,'Santa María del Oro',18),(18015,'Santiago Ixcuintla',18),(18016,'Tecuala',18),(18017,'Tepic',18),(18018,'Tuxpan',18),(18019,'La Yesca',18),(18020,'Bahía de Banderas',18),(19001,'Abasolo',19),(19002,'Agualeguas',19),(19003,'Los Aldamas',19),(19004,'Allende',19),(19005,'Anáhuac',19),(19006,'Apodaca',19),(19007,'Aramberri',19),(19008,'Bustamante',19),(19009,'Cadereyta Jiménez',19),(19010,'El Carmen',19),(19011,'Cerralvo',19),(19012,'Ciénega de Flores',19),(19013,'China',19),(19014,'Doctor Arroyo',19),(19015,'Doctor Coss',19),(19016,'Doctor González',19),(19017,'Galeana',19),(19018,'García',19),(19019,'San Pedro Garza García',19),(19020,'General Bravo',19),(19021,'General Escobedo',19),(19022,'General Terán',19),(19023,'General Treviño',19),(19024,'General Zaragoza',19),(19025,'General Zuazua',19),(19026,'Guadalupe',19),(19027,'Los Herreras',19),(19028,'Higueras',19),(19029,'Hualahuises',19),(19030,'Iturbide',19),(19031,'Juárez',19),(19032,'Lampazos de Naranjo',19),(19033,'Linares',19),(19034,'Marín',19),(19035,'Melchor Ocampo',19),(19036,'Mier y Noriega',19),(19037,'Mina',19),(19038,'Montemorelos',19),(19039,'Monterrey',19),(19040,'Parás',19),(19041,'Pesquería',19),(19042,'Los Ramones',19),(19043,'Rayones',19),(19044,'Sabinas Hidalgo',19),(19045,'Salinas Victoria',19),(19046,'San Nicolás de los Garza',19),(19047,'Hidalgo',19),(19048,'Santa Catarina',19),(19049,'Santiago',19),(19050,'Vallecillo',19),(19051,'Villaldama',19),(20001,'Abejones',20),(20002,'Acatlán de Pérez Figueroa',20),(20003,'Asunción Cacalotepec',20),(20004,'Asunción Cuyotepeji',20),(20005,'Asunción Ixtaltepec',20),(20006,'Asunción Nochixtlán',20),(20007,'Asunción Ocotlán',20),(20008,'Asunción Tlacolulita',20),(20009,'Ayotzintepec',20),(20010,'El Barrio de la Soledad',20),(20011,'Calihualá',20),(20012,'Candelaria Loxicha',20),(20013,'Ciénega de Zimatlán',20),(20014,'Ciudad Ixtepec',20),(20015,'Coatecas Altas',20),(20016,'Coicoyán de las Flores',20),(20017,'La Compañía',20),(20018,'Concepción Buenavista',20),(20019,'Concepción Pápalo',20),(20020,'Constancia del Rosario',20),(20021,'Cosolapa',20),(20022,'Cosoltepec',20),(20023,'Cuilápam de Guerrero',20),(20024,'Cuyamecalco Villa de Zaragoza',20),(20025,'Chahuites',20),(20026,'Chalcatongo de Hidalgo',20),(20027,'Chiquihuitlán de Benito Juárez',20),(20028,'Heroica Ciudad de Ejutla de Crespo',20),(20029,'Eloxochitlán de Flores Magón',20),(20030,'El Espinal',20),(20031,'Tamazulápam del Espíritu Santo',20),(20032,'Fresnillo de Trujano',20),(20033,'Guadalupe Etla',20),(20034,'Guadalupe de Ramírez',20),(20035,'Guelatao de Juárez',20),(20036,'Guevea de Humboldt',20),(20037,'Mesones Hidalgo',20),(20038,'Villa Hidalgo',20),(20039,'Heroica Ciudad de Huajuapan de León',20),(20040,'Huautepec',20),(20041,'Huautla de Jiménez',20),(20042,'Ixtlán de Juárez',20),(20043,'Heroica Ciudad de Juchitán de Zaragoza',20),(20044,'Loma Bonita',20),(20045,'Magdalena Apasco',20),(20046,'Magdalena Jaltepec',20),(20047,'Santa Magdalena Jicotlán',20),(20048,'Magdalena Mixtepec',20),(20049,'Magdalena Ocotlán',20),(20050,'Magdalena Peñasco',20),(20051,'Magdalena Teitipac',20),(20052,'Magdalena Tequisistlán',20),(20053,'Magdalena Tlacotepec',20),(20054,'Magdalena Zahuatlán',20),(20055,'Mariscala de Juárez',20),(20056,'Mártires de Tacubaya',20),(20057,'Matías Romero Avendaño',20),(20058,'Mazatlán Villa de Flores',20),(20059,'Miahuatlán de Porfirio Díaz',20),(20060,'Mixistlán de la Reforma',20),(20061,'Monjas',20),(20062,'Natividad',20),(20063,'Nazareno Etla',20),(20064,'Nejapa de Madero',20),(20065,'Ixpantepec Nieves',20),(20066,'Santiago Niltepec',20),(20067,'Oaxaca de Juárez',20),(20068,'Ocotlán de Morelos',20),(20069,'La Pe',20),(20070,'Pinotepa de Don Luis',20),(20071,'Pluma Hidalgo',20),(20072,'San José del Progreso',20),(20073,'Putla Villa de Guerrero',20),(20074,'Santa Catarina Quioquitani',20),(20075,'Reforma de Pineda',20),(20076,'La Reforma',20),(20077,'Reyes Etla',20),(20078,'Rojas de Cuauhtémoc',20),(20079,'Salina Cruz',20),(20080,'San Agustín Amatengo',20),(20081,'San Agustín Atenango',20),(20082,'San Agustín Chayuco',20),(20083,'San Agustín de las Juntas',20),(20084,'San Agustín Etla',20),(20085,'San Agustín Loxicha',20),(20086,'San Agustín Tlacotepec',20),(20087,'San Agustín Yatareni',20),(20088,'San Andrés Cabecera Nueva',20),(20089,'San Andrés Dinicuiti',20),(20090,'San Andrés Huaxpaltepec',20),(20091,'San Andrés Huayápam',20),(20092,'San Andrés Ixtlahuaca',20),(20093,'San Andrés Lagunas',20),(20094,'San Andrés Nuxiño',20),(20095,'San Andrés Paxtlán',20),(20096,'San Andrés Sinaxtla',20),(20097,'San Andrés Solaga',20),(20098,'San Andrés Teotilálpam',20),(20099,'San Andrés Tepetlapa',20),(20100,'San Andrés Yaá',20),(20101,'San Andrés Zabache',20),(20102,'San Andrés Zautla',20),(20103,'San Antonino Castillo Velasco',20),(20104,'San Antonino el Alto',20),(20105,'San Antonino Monte Verde',20),(20106,'San Antonio Acutla',20),(20107,'San Antonio de la Cal',20),(20108,'San Antonio Huitepec',20),(20109,'San Antonio Nanahuatípam',20),(20110,'San Antonio Sinicahua',20),(20111,'San Antonio Tepetlapa',20),(20112,'San Baltazar Chichicápam',20),(20113,'San Baltazar Loxicha',20),(20114,'San Baltazar Yatzachi el Bajo',20),(20115,'San Bartolo Coyotepec',20),(20116,'San Bartolomé Ayautla',20),(20117,'San Bartolomé Loxicha',20),(20118,'San Bartolomé Quialana',20),(20119,'San Bartolomé Yucuañe',20),(20120,'San Bartolomé Zoogocho',20),(20121,'San Bartolo Soyaltepec',20),(20122,'San Bartolo Yautepec',20),(20123,'San Bernardo Mixtepec',20),(20124,'San Blas Atempa',20),(20125,'San Carlos Yautepec',20),(20126,'San Cristóbal Amatlán',20),(20127,'San Cristóbal Amoltepec',20),(20128,'San Cristóbal Lachirioag',20),(20129,'San Cristóbal Suchixtlahuaca',20),(20130,'San Dionisio del Mar',20),(20131,'San Dionisio Ocotepec',20),(20132,'San Dionisio Ocotlán',20),(20133,'San Esteban Atatlahuca',20),(20134,'San Felipe Jalapa de Díaz',20),(20135,'San Felipe Tejalápam',20),(20136,'San Felipe Usila',20),(20137,'San Francisco Cahuacuá',20),(20138,'San Francisco Cajonos',20),(20139,'San Francisco Chapulapa',20),(20140,'San Francisco Chindúa',20),(20141,'San Francisco del Mar',20),(20142,'San Francisco Huehuetlán',20),(20143,'San Francisco Ixhuatán',20),(20144,'San Francisco Jaltepetongo',20),(20145,'San Francisco Lachigoló',20),(20146,'San Francisco Logueche',20),(20147,'San Francisco Nuxaño',20),(20148,'San Francisco Ozolotepec',20),(20149,'San Francisco Sola',20),(20150,'San Francisco Telixtlahuaca',20),(20151,'San Francisco Teopan',20),(20152,'San Francisco Tlapancingo',20),(20153,'San Gabriel Mixtepec',20),(20154,'San Ildefonso Amatlán',20),(20155,'San Ildefonso Sola',20),(20156,'San Ildefonso Villa Alta',20),(20157,'San Jacinto Amilpas',20),(20158,'San Jacinto Tlacotepec',20),(20159,'San Jerónimo Coatlán',20),(20160,'San Jerónimo Silacayoapilla',20),(20161,'San Jerónimo Sosola',20),(20162,'San Jerónimo Taviche',20),(20163,'San Jerónimo Tecóatl',20),(20164,'San Jorge Nuchita',20),(20165,'San José Ayuquila',20),(20166,'San José Chiltepec',20),(20167,'San José del Peñasco',20),(20168,'San José Estancia Grande',20),(20169,'San José Independencia',20),(20170,'San José Lachiguiri',20),(20171,'San José Tenango',20),(20172,'San Juan Achiutla',20),(20173,'San Juan Atepec',20),(20174,'Ánimas Trujano',20),(20175,'San Juan Bautista Atatlahuca',20),(20176,'San Juan Bautista Coixtlahuaca',20),(20177,'San Juan Bautista Cuicatlán',20),(20178,'San Juan Bautista Guelache',20),(20179,'San Juan Bautista Jayacatlán',20),(20180,'San Juan Bautista Lo de Soto',20),(20181,'San Juan Bautista Suchitepec',20),(20182,'San Juan Bautista Tlacoatzintepec',20),(20183,'San Juan Bautista Tlachichilco',20),(20184,'San Juan Bautista Tuxtepec',20),(20185,'San Juan Cacahuatepec',20),(20186,'San Juan Cieneguilla',20),(20187,'San Juan Coatzóspam',20),(20188,'San Juan Colorado',20),(20189,'San Juan Comaltepec',20),(20190,'San Juan Cotzocón',20),(20191,'San Juan Chicomezúchil',20),(20192,'San Juan Chilateca',20),(20193,'San Juan del Estado',20),(20194,'San Juan del Río',20),(20195,'San Juan Diuxi',20),(20196,'San Juan Evangelista Analco',20),(20197,'San Juan Guelavía',20),(20198,'San Juan Guichicovi',20),(20199,'San Juan Ihualtepec',20),(20200,'San Juan Juquila Mixes',20),(20201,'San Juan Juquila Vijanos',20),(20202,'San Juan Lachao',20),(20203,'San Juan Lachigalla',20),(20204,'San Juan Lajarcia',20),(20205,'San Juan Lalana',20),(20206,'San Juan de los Cués',20),(20207,'San Juan Mazatlán',20),(20208,'San Juan Mixtepec -Dto. 08 -',20),(20209,'San Juan Mixtepec -Dto. 26 -',20),(20210,'San Juan Ñumí',20),(20211,'San Juan Ozolotepec',20),(20212,'San Juan Petlapa',20),(20213,'San Juan Quiahije',20),(20214,'San Juan Quiotepec',20),(20215,'San Juan Sayultepec',20),(20216,'San Juan Tabaá',20),(20217,'San Juan Tamazola',20),(20218,'San Juan Teita',20),(20219,'San Juan Teitipac',20),(20220,'San Juan Tepeuxila',20),(20221,'San Juan Teposcolula',20),(20222,'San Juan Yaeé',20),(20223,'San Juan Yatzona',20),(20224,'San Juan Yucuita',20),(20225,'San Lorenzo',20),(20226,'San Lorenzo Albarradas',20),(20227,'San Lorenzo Cacaotepec',20),(20228,'San Lorenzo Cuaunecuiltitla',20),(20229,'San Lorenzo Texmelúcan',20),(20230,'San Lorenzo Victoria',20),(20231,'San Lucas Camotlán',20),(20232,'San Lucas Ojitlán',20),(20233,'San Lucas Quiaviní',20),(20234,'San Lucas Zoquiápam',20),(20235,'San Luis Amatlán',20),(20236,'San Marcial Ozolotepec',20),(20237,'San Marcos Arteaga',20),(20238,'San Martín de los Cansecos',20),(20239,'San Martín Huamelúlpam',20),(20240,'San Martín Itunyoso',20),(20241,'San Martín Lachilá',20),(20242,'San Martín Peras',20),(20243,'San Martín Tilcajete',20),(20244,'San Martín Toxpalan',20),(20245,'San Martín Zacatepec',20),(20246,'San Mateo Cajonos',20),(20247,'Capulálpam de Méndez',20),(20248,'San Mateo del Mar',20),(20249,'San Mateo Yoloxochitlán',20),(20250,'San Mateo Etlatongo',20),(20251,'San Mateo Nejápam',20),(20252,'San Mateo Peñasco',20),(20253,'San Mateo Piñas',20),(20254,'San Mateo Río Hondo',20),(20255,'San Mateo Sindihui',20),(20256,'San Mateo Tlapiltepec',20),(20257,'San Melchor Betaza',20),(20258,'San Miguel Achiutla',20),(20259,'San Miguel Ahuehuetitlán',20),(20260,'San Miguel Aloápam',20),(20261,'San Miguel Amatitlán',20),(20262,'San Miguel Amatlán',20),(20263,'San Miguel Coatlán',20),(20264,'San Miguel Chicahua',20),(20265,'San Miguel Chimalapa',20),(20266,'San Miguel del Puerto',20),(20267,'San Miguel del Río',20),(20268,'San Miguel Ejutla',20),(20269,'San Miguel el Grande',20),(20270,'San Miguel Huautla',20),(20271,'San Miguel Mixtepec',20),(20272,'San Miguel Panixtlahuaca',20),(20273,'San Miguel Peras',20),(20274,'San Miguel Piedras',20),(20275,'San Miguel Quetzaltepec',20),(20276,'San Miguel Santa Flor',20),(20277,'Villa Sola de Vega',20),(20278,'San Miguel Soyaltepec',20),(20279,'San Miguel Suchixtepec',20),(20280,'Villa Talea de Castro',20),(20281,'San Miguel Tecomatlán',20),(20282,'San Miguel Tenango',20),(20283,'San Miguel Tequixtepec',20),(20284,'San Miguel Tilquiápam',20),(20285,'San Miguel Tlacamama',20),(20286,'San Miguel Tlacotepec',20),(20287,'San Miguel Tulancingo',20),(20288,'San Miguel Yotao',20),(20289,'San Nicolás',20),(20290,'San Nicolás Hidalgo',20),(20291,'San Pablo Coatlán',20),(20292,'San Pablo Cuatro Venados',20),(20293,'San Pablo Etla',20),(20294,'San Pablo Huitzo',20),(20295,'San Pablo Huixtepec',20),(20296,'San Pablo Macuiltianguis',20),(20297,'San Pablo Tijaltepec',20),(20298,'San Pablo Villa de Mitla',20),(20299,'San Pablo Yaganiza',20),(20300,'San Pedro Amuzgos',20),(20301,'San Pedro Apóstol',20),(20302,'San Pedro Atoyac',20),(20303,'San Pedro Cajonos',20),(20304,'San Pedro Coxcaltepec Cántaros',20),(20305,'San Pedro Comitancillo',20),(20306,'San Pedro el Alto',20),(20307,'San Pedro Huamelula',20),(20308,'San Pedro Huilotepec',20),(20309,'San Pedro Ixcatlán',20),(20310,'San Pedro Ixtlahuaca',20),(20311,'San Pedro Jaltepetongo',20),(20312,'San Pedro Jicayán',20),(20313,'San Pedro Jocotipac',20),(20314,'San Pedro Juchatengo',20),(20315,'San Pedro Mártir',20),(20316,'San Pedro Mártir Quiechapa',20),(20317,'San Pedro Mártir Yucuxaco',20),(20318,'San Pedro Mixtepec -Dto. 22 -',20),(20319,'San Pedro Mixtepec -Dto. 26 -',20),(20320,'San Pedro Molinos',20),(20321,'San Pedro Nopala',20),(20322,'San Pedro Ocopetatillo',20),(20323,'San Pedro Ocotepec',20),(20324,'San Pedro Pochutla',20),(20325,'San Pedro Quiatoni',20),(20326,'San Pedro Sochiápam',20),(20327,'San Pedro Tapanatepec',20),(20328,'San Pedro Taviche',20),(20329,'San Pedro Teozacoalco',20),(20330,'San Pedro Teutila',20),(20331,'San Pedro Tidaá',20),(20332,'San Pedro Topiltepec',20),(20333,'San Pedro Totolápam',20),(20334,'Villa de Tututepec',20),(20335,'San Pedro Yaneri',20),(20336,'San Pedro Yólox',20),(20337,'San Pedro y San Pablo Ayutla',20),(20338,'Villa de Etla',20),(20339,'San Pedro y San Pablo Teposcolula',20),(20340,'San Pedro y San Pablo Tequixtepec',20),(20341,'San Pedro Yucunama',20),(20342,'San Raymundo Jalpan',20),(20343,'San Sebastián Abasolo',20),(20344,'San Sebastián Coatlán',20),(20345,'San Sebastián Ixcapa',20),(20346,'San Sebastián Nicananduta',20),(20347,'San Sebastián Río Hondo',20),(20348,'San Sebastián Tecomaxtlahuaca',20),(20349,'San Sebastián Teitipac',20),(20350,'San Sebastián Tutla',20),(20351,'San Simón Almolongas',20),(20352,'San Simón Zahuatlán',20),(20353,'Santa Ana',20),(20354,'Santa Ana Ateixtlahuaca',20),(20355,'Santa Ana Cuauhtémoc',20),(20356,'Santa Ana del Valle',20),(20357,'Santa Ana Tavela',20),(20358,'Santa Ana Tlapacoyan',20),(20359,'Santa Ana Yareni',20),(20360,'Santa Ana Zegache',20),(20361,'Santa Catalina Quierí',20),(20362,'Santa Catarina Cuixtla',20),(20363,'Santa Catarina Ixtepeji',20),(20364,'Santa Catarina Juquila',20),(20365,'Santa Catarina Lachatao',20),(20366,'Santa Catarina Loxicha',20),(20367,'Santa Catarina Mechoacán',20),(20368,'Santa Catarina Minas',20),(20369,'Santa Catarina Quiané',20),(20370,'Santa Catarina Tayata',20),(20371,'Santa Catarina Ticuá',20),(20372,'Santa Catarina Yosonotú',20),(20373,'Santa Catarina Zapoquila',20),(20374,'Santa Cruz Acatepec',20),(20375,'Santa Cruz Amilpas',20),(20376,'Santa Cruz de Bravo',20),(20377,'Santa Cruz Itundujia',20),(20378,'Santa Cruz Mixtepec',20),(20379,'Santa Cruz Nundaco',20),(20380,'Santa Cruz Papalutla',20),(20381,'Santa Cruz Tacache de Mina',20),(20382,'Santa Cruz Tacahua',20),(20383,'Santa Cruz Tayata',20),(20384,'Santa Cruz Xitla',20),(20385,'Santa Cruz Xoxocotlán',20),(20386,'Santa Cruz Zenzontepec',20),(20387,'Santa Gertrudis',20),(20388,'Santa Inés del Monte',20),(20389,'Santa Inés Yatzeche',20),(20390,'Santa Lucía del Camino',20),(20391,'Santa Lucía Miahuatlán',20),(20392,'Santa Lucía Monteverde',20),(20393,'Santa Lucía Ocotlán',20),(20394,'Santa María Alotepec',20),(20395,'Santa María Apazco',20),(20396,'Santa María la Asunción',20),(20397,'Heroica Ciudad de Tlaxiaco',20),(20398,'Ayoquezco de Aldama',20),(20399,'Santa María Atzompa',20),(20400,'Santa María Camotlán',20),(20401,'Santa María Colotepec',20),(20402,'Santa María Cortijo',20),(20403,'Santa María Coyotepec',20),(20404,'Santa María Chachoápam',20),(20405,'Villa de Chilapa de Díaz',20),(20406,'Santa María Chilchotla',20),(20407,'Santa María Chimalapa',20),(20408,'Santa María del Rosario',20),(20409,'Santa María del Tule',20),(20410,'Santa María Ecatepec',20),(20411,'Santa María Guelacé',20),(20412,'Santa María Guienagati',20),(20413,'Santa María Huatulco',20),(20414,'Santa María Huazolotitlán',20),(20415,'Santa María Ipalapa',20),(20416,'Santa María Ixcatlán',20),(20417,'Santa María Jacatepec',20),(20418,'Santa María Jalapa del Marqués',20),(20419,'Santa María Jaltianguis',20),(20420,'Santa María Lachixío',20),(20421,'Santa María Mixtequilla',20),(20422,'Santa María Nativitas',20),(20423,'Santa María Nduayaco',20),(20424,'Santa María Ozolotepec',20),(20425,'Santa María Pápalo',20),(20426,'Santa María Peñoles',20),(20427,'Santa María Petapa',20),(20428,'Santa María Quiegolani',20),(20429,'Santa María Sola',20),(20430,'Santa María Tataltepec',20),(20431,'Santa María Tecomavaca',20),(20432,'Santa María Temaxcalapa',20),(20433,'Santa María Temaxcaltepec',20),(20434,'Santa María Teopoxco',20),(20435,'Santa María Tepantlali',20),(20436,'Santa María Texcatitlán',20),(20437,'Santa María Tlahuitoltepec',20),(20438,'Santa María Tlalixtac',20),(20439,'Santa María Tonameca',20),(20440,'Santa María Totolapilla',20),(20441,'Santa María Xadani',20),(20442,'Santa María Yalina',20),(20443,'Santa María Yavesía',20),(20444,'Santa María Yolotepec',20),(20445,'Santa María Yosoyúa',20),(20446,'Santa María Yucuhiti',20),(20447,'Santa María Zacatepec',20),(20448,'Santa María Zaniza',20),(20449,'Santa María Zoquitlán',20),(20450,'Santiago Amoltepec',20),(20451,'Santiago Apoala',20),(20452,'Santiago Apóstol',20),(20453,'Santiago Astata',20),(20454,'Santiago Atitlán',20),(20455,'Santiago Ayuquililla',20),(20456,'Santiago Cacaloxtepec',20),(20457,'Santiago Camotlán',20),(20458,'Santiago Comaltepec',20),(20459,'Santiago Chazumba',20),(20460,'Santiago Choápam',20),(20461,'Santiago del Río',20),(20462,'Santiago Huajolotitlán',20),(20463,'Santiago Huauclilla',20),(20464,'Santiago Ihuitlán Plumas',20),(20465,'Santiago Ixcuintepec',20),(20466,'Santiago Ixtayutla',20),(20467,'Santiago Jamiltepec',20),(20468,'Santiago Jocotepec',20),(20469,'Santiago Juxtlahuaca',20),(20470,'Santiago Lachiguiri',20),(20471,'Santiago Lalopa',20),(20472,'Santiago Laollaga',20),(20473,'Santiago Laxopa',20),(20474,'Santiago Llano Grande',20),(20475,'Santiago Matatlán',20),(20476,'Santiago Miltepec',20),(20477,'Santiago Minas',20),(20478,'Santiago Nacaltepec',20),(20479,'Santiago Nejapilla',20),(20480,'Santiago Nundiche',20),(20481,'Santiago Nuyoó',20),(20482,'Santiago Pinotepa Nacional',20),(20483,'Santiago Suchilquitongo',20),(20484,'Santiago Tamazola',20),(20485,'Santiago Tapextla',20),(20486,'Villa Tejúpam de la Unión',20),(20487,'Santiago Tenango',20),(20488,'Santiago Tepetlapa',20),(20489,'Santiago Tetepec',20),(20490,'Santiago Texcalcingo',20),(20491,'Santiago Textitlán',20),(20492,'Santiago Tilantongo',20),(20493,'Santiago Tillo',20),(20494,'Santiago Tlazoyaltepec',20),(20495,'Santiago Xanica',20),(20496,'Santiago Xiacuí',20),(20497,'Santiago Yaitepec',20),(20498,'Santiago Yaveo',20),(20499,'Santiago Yolomécatl',20),(20500,'Santiago Yosondúa',20),(20501,'Santiago Yucuyachi',20),(20502,'Santiago Zacatepec',20),(20503,'Santiago Zoochila',20),(20504,'Nuevo Zoquiápam',20),(20505,'Santo Domingo Ingenio',20),(20506,'Santo Domingo Albarradas',20),(20507,'Santo Domingo Armenta',20),(20508,'Santo Domingo Chihuitán',20),(20509,'Santo Domingo de Morelos',20),(20510,'Santo Domingo Ixcatlán',20),(20511,'Santo Domingo Nuxaá',20),(20512,'Santo Domingo Ozolotepec',20),(20513,'Santo Domingo Petapa',20),(20514,'Santo Domingo Roayaga',20),(20515,'Santo Domingo Tehuantepec',20),(20516,'Santo Domingo Teojomulco',20),(20517,'Santo Domingo Tepuxtepec',20),(20518,'Santo Domingo Tlatayápam',20),(20519,'Santo Domingo Tomaltepec',20),(20520,'Santo Domingo Tonalá',20),(20521,'Santo Domingo Tonaltepec',20),(20522,'Santo Domingo Xagacía',20),(20523,'Santo Domingo Yanhuitlán',20),(20524,'Santo Domingo Yodohino',20),(20525,'Santo Domingo Zanatepec',20),(20526,'Santos Reyes Nopala',20),(20527,'Santos Reyes Pápalo',20),(20528,'Santos Reyes Tepejillo',20),(20529,'Santos Reyes Yucuná',20),(20530,'Santo Tomás Jalieza',20),(20531,'Santo Tomás Mazaltepec',20),(20532,'Santo Tomás Ocotepec',20),(20533,'Santo Tomás Tamazulapan',20),(20534,'San Vicente Coatlán',20),(20535,'San Vicente Lachixío',20),(20536,'San Vicente Nuñú',20),(20537,'Silacayoápam',20),(20538,'Sitio de Xitlapehua',20),(20539,'Soledad Etla',20),(20540,'Villa de Tamazulápam del Progreso',20),(20541,'Tanetze de Zaragoza',20),(20542,'Taniche',20),(20543,'Tataltepec de Valdés',20),(20544,'Teococuilco de Marcos Pérez',20),(20545,'Teotitlán de Flores Magón',20),(20546,'Teotitlán del Valle',20),(20547,'Teotongo',20),(20548,'Tepelmeme Villa de Morelos',20),(20549,'Tezoatlán de Segura y Luna',20),(20550,'San Jerónimo Tlacochahuaya',20),(20551,'Tlacolula de Matamoros',20),(20552,'Tlacotepec Plumas',20),(20553,'Tlalixtac de Cabrera',20),(20554,'Totontepec Villa de Morelos',20),(20555,'Trinidad Zaachila',20),(20556,'La Trinidad Vista Hermosa',20),(20557,'Unión Hidalgo',20),(20558,'Valerio Trujano',20),(20559,'San Juan Bautista Valle Nacional',20),(20560,'Villa Díaz Ordaz',20),(20561,'Yaxe',20),(20562,'Magdalena Yodocono de Porfirio Díaz',20),(20563,'Yogana',20),(20564,'Yutanduchi de Guerrero',20),(20565,'Villa de Zaachila',20),(20566,'San Mateo Yucutindoo',20),(20567,'Zapotitlán Lagunas',20),(20568,'Zapotitlán Palmas',20),(20569,'Santa Inés de Zaragoza',20),(20570,'Zimatlán de Álvarez',20),(21001,'Acajete',21),(21002,'Acateno',21),(21003,'Acatlán',21),(21004,'Acatzingo',21),(21005,'Acteopan',21),(21006,'Ahuacatlán',21),(21007,'Ahuatlán',21),(21008,'Ahuazotepec',21),(21009,'Ahuehuetitla',21),(21010,'Ajalpan',21),(21011,'Albino Zertuche',21),(21012,'Aljojuca',21),(21013,'Altepexi',21),(21014,'Amixtlán',21),(21015,'Amozoc',21),(21016,'Aquixtla',21),(21017,'Atempan',21),(21018,'Atexcal',21),(21019,'Atlixco',21),(21020,'Atoyatempan',21),(21021,'Atzala',21),(21022,'Atzitzihuacán',21),(21023,'Atzitzintla',21),(21024,'Axutla',21),(21025,'Ayotoxco de Guerrero',21),(21026,'Calpan',21),(21027,'Caltepec',21),(21028,'Camocuautla',21),(21029,'Caxhuacan',21),(21030,'Coatepec',21),(21031,'Coatzingo',21),(21032,'Cohetzala',21),(21033,'Cohuecan',21),(21034,'Coronango',21),(21035,'Coxcatlán',21),(21036,'Coyomeapan',21),(21037,'Coyotepec',21),(21038,'Cuapiaxtla de Madero',21),(21039,'Cuautempan',21),(21040,'Cuautinchán',21),(21041,'Cuautlancingo',21),(21042,'Cuayuca de Andrade',21),(21043,'Cuetzalan del Progreso',21),(21044,'Cuyoaco',21),(21045,'Chalchicomula de Sesma',21),(21046,'Chapulco',21),(21047,'Chiautla',21),(21048,'Chiautzingo',21),(21049,'Chiconcuautla',21),(21050,'Chichiquila',21),(21051,'Chietla',21),(21052,'Chigmecatitlán',21),(21053,'Chignahuapan',21),(21054,'Chignautla',21),(21055,'Chila',21),(21056,'Chila de la Sal',21),(21057,'Honey',21),(21058,'Chilchotla',21),(21059,'Chinantla',21),(21060,'Domingo Arenas',21),(21061,'Eloxochitlán',21),(21062,'Epatlán',21),(21063,'Esperanza',21),(21064,'Francisco Z. Mena',21),(21065,'General Felipe Ángeles',21),(21066,'Guadalupe',21),(21067,'Guadalupe Victoria',21),(21068,'Hermenegildo Galeana',21),(21069,'Huaquechula',21),(21070,'Huatlatlauca',21),(21071,'Huauchinango',21),(21072,'Huehuetla',21),(21073,'Huehuetlán el Chico',21),(21074,'Huejotzingo',21),(21075,'Hueyapan',21),(21076,'Hueytamalco',21),(21077,'Hueytlalpan',21),(21078,'Huitzilan de Serdán',21),(21079,'Huitziltepec',21),(21080,'Atlequizayan',21),(21081,'Ixcamilpa de Guerrero',21),(21082,'Ixcaquixtla',21),(21083,'Ixtacamaxtitlán',21),(21084,'Ixtepec',21),(21085,'Izúcar de Matamoros',21),(21086,'Jalpan',21),(21087,'Jolalpan',21),(21088,'Jonotla',21),(21089,'Jopala',21),(21090,'Juan C. Bonilla',21),(21091,'Juan Galindo',21),(21092,'Juan N. Méndez',21),(21093,'Lafragua',21),(21094,'Libres',21),(21095,'La Magdalena Tlatlauquitepec',21),(21096,'Mazapiltepec de Juárez',21),(21097,'Mixtla',21),(21098,'Molcaxac',21),(21099,'Cañada Morelos',21),(21100,'Naupan',21),(21101,'Nauzontla',21),(21102,'Nealtican',21),(21103,'Nicolás Bravo',21),(21104,'Nopalucan',21),(21105,'Ocotepec',21),(21106,'Ocoyucan',21),(21107,'Olintla',21),(21108,'Oriental',21),(21109,'Pahuatlán',21),(21110,'Palmar de Bravo',21),(21111,'Pantepec',21),(21112,'Petlalcingo',21),(21113,'Piaxtla',21),(21114,'Puebla',21),(21115,'Quecholac',21),(21116,'Quimixtlán',21),(21117,'Rafael Lara Grajales',21),(21118,'Los Reyes de Juárez',21),(21119,'San Andrés Cholula',21),(21120,'San Antonio Cañada',21),(21121,'San Diego la Mesa Tochimiltzingo',21),(21122,'San Felipe Teotlalcingo',21),(21123,'San Felipe Tepatlán',21),(21124,'San Gabriel Chilac',21),(21125,'San Gregorio Atzompa',21),(21126,'San Jerónimo Tecuanipan',21),(21127,'San Jerónimo Xayacatlán',21),(21128,'San José Chiapa',21),(21129,'San José Miahuatlán',21),(21130,'San Juan Atenco',21),(21131,'San Juan Atzompa',21),(21132,'San Martín Texmelucan',21),(21133,'San Martín Totoltepec',21),(21134,'San Matías Tlalancaleca',21),(21135,'San Miguel Ixitlán',21),(21136,'San Miguel Xoxtla',21),(21137,'San Nicolás Buenos Aires',21),(21138,'San Nicolás de los Ranchos',21),(21139,'San Pablo Anicano',21),(21140,'San Pedro Cholula',21),(21141,'San Pedro Yeloixtlahuaca',21),(21142,'San Salvador el Seco',21),(21143,'San Salvador el Verde',21),(21144,'San Salvador Huixcolotla',21),(21145,'San Sebastián Tlacotepec',21),(21146,'Santa Catarina Tlaltempan',21),(21147,'Santa Inés Ahuatempan',21),(21148,'Santa Isabel Cholula',21),(21149,'Santiago Miahuatlán',21),(21150,'Huehuetlán el Grande',21),(21151,'Santo Tomás Hueyotlipan',21),(21152,'Soltepec',21),(21153,'Tecali de Herrera',21),(21154,'Tecamachalco',21),(21155,'Tecomatlán',21),(21156,'Tehuacán',21),(21157,'Tehuitzingo',21),(21158,'Tenampulco',21),(21159,'Teopantlán',21),(21160,'Teotlalco',21),(21161,'Tepanco de López',21),(21162,'Tepango de Rodríguez',21),(21163,'Tepatlaxco de Hidalgo',21),(21164,'Tepeaca',21),(21165,'Tepemaxalco',21),(21166,'Tepeojuma',21),(21167,'Tepetzintla',21),(21168,'Tepexco',21),(21169,'Tepexi de Rodríguez',21),(21170,'Tepeyahualco',21),(21171,'Tepeyahualco de Cuauhtémoc',21),(21172,'Tetela de Ocampo',21),(21173,'Teteles de Avila Castillo',21),(21174,'Teziutlán',21),(21175,'Tianguismanalco',21),(21176,'Tilapa',21),(21177,'Tlacotepec de Benito Juárez',21),(21178,'Tlacuilotepec',21),(21179,'Tlachichuca',21),(21180,'Tlahuapan',21),(21181,'Tlaltenango',21),(21182,'Tlanepantla',21),(21183,'Tlaola',21),(21184,'Tlapacoya',21),(21185,'Tlapanalá',21),(21186,'Tlatlauquitepec',21),(21187,'Tlaxco',21),(21188,'Tochimilco',21),(21189,'Tochtepec',21),(21190,'Totoltepec de Guerrero',21),(21191,'Tulcingo',21),(21192,'Tuzamapan de Galeana',21),(21193,'Tzicatlacoyan',21),(21194,'Venustiano Carranza',21),(21195,'Vicente Guerrero',21),(21196,'Xayacatlán de Bravo',21),(21197,'Xicotepec',21),(21198,'Xicotlán',21),(21199,'Xiutetelco',21),(21200,'Xochiapulco',21),(21201,'Xochiltepec',21),(21202,'Xochitlán de Vicente Suárez',21),(21203,'Xochitlán Todos Santos',21),(21204,'Yaonáhuac',21),(21205,'Yehualtepec',21),(21206,'Zacapala',21),(21207,'Zacapoaxtla',21),(21208,'Zacatlán',21),(21209,'Zapotitlán',21),(21210,'Zapotitlán de Méndez',21),(21211,'Zaragoza',21),(21212,'Zautla',21),(21213,'Zihuateutla',21),(21214,'Zinacatepec',21),(21215,'Zongozotla',21),(21216,'Zoquiapan',21),(21217,'Zoquitlán',21),(22001,'Amealco de Bonfil',22),(22002,'Pinal de Amoles',22),(22003,'Arroyo Seco',22),(22004,'Cadereyta de Montes',22),(22005,'Colón',22),(22006,'Corregidora',22),(22007,'Ezequiel Montes',22),(22008,'Huimilpan',22),(22009,'Jalpan de Serra',22),(22010,'Landa de Matamoros',22),(22011,'El Marqués',22),(22012,'Pedro Escobedo',22),(22013,'Peñamiller',22),(22014,'Querétaro',22),(22015,'San Joaquín',22),(22016,'San Juan del Río',22),(22017,'Tequisquiapan',22),(22018,'Tolimán',22),(23001,'Cozumel',23),(23002,'Felipe Carrillo Puerto',23),(23003,'Isla Mujeres',23),(23004,'Othón P. Blanco',23),(23005,'Benito Juárez',23),(23006,'José María Morelos',23),(23007,'Lázaro Cárdenas',23),(23008,'Solidaridad',23),(23009,'Tulum',23),(23010,'Bacalar',23),(23011,'Puerto Morelos',23),(24001,'Ahualulco',24),(24002,'Alaquines',24),(24003,'Aquismón',24),(24004,'Armadillo de los Infante',24),(24005,'Cárdenas',24),(24006,'Catorce',24),(24007,'Cedral',24),(24008,'Cerritos',24),(24009,'Cerro de San Pedro',24),(24010,'Ciudad del Maíz',24),(24011,'Ciudad Fernández',24),(24012,'Tancanhuitz',24),(24013,'Ciudad Valles',24),(24014,'Coxcatlán',24),(24015,'Charcas',24),(24016,'Ebano',24),(24017,'Guadalcázar',24),(24018,'Huehuetlán',24),(24019,'Lagunillas',24),(24020,'Matehuala',24),(24021,'Mexquitic de Carmona',24),(24022,'Moctezuma',24),(24023,'Rayón',24),(24024,'Rioverde',24),(24025,'Salinas',24),(24026,'San Antonio',24),(24027,'San Ciro de Acosta',24),(24028,'San Luis Potosí',24),(24029,'San Martín Chalchicuautla',24),(24030,'San Nicolás Tolentino',24),(24031,'Santa Catarina',24),(24032,'Santa María del Río',24),(24033,'Santo Domingo',24),(24034,'San Vicente Tancuayalab',24),(24035,'Soledad de Graciano Sánchez',24),(24036,'Tamasopo',24),(24037,'Tamazunchale',24),(24038,'Tampacán',24),(24039,'Tampamolón Corona',24),(24040,'Tamuín',24),(24041,'Tanlajás',24),(24042,'Tanquián de Escobedo',24),(24043,'Tierra Nueva',24),(24044,'Vanegas',24),(24045,'Venado',24),(24046,'Villa de Arriaga',24),(24047,'Villa de Guadalupe',24),(24048,'Villa de la Paz',24),(24049,'Villa de Ramos',24),(24050,'Villa de Reyes',24),(24051,'Villa Hidalgo',24),(24052,'Villa Juárez',24),(24053,'Axtla de Terrazas',24),(24054,'Xilitla',24),(24055,'Zaragoza',24),(24056,'Villa de Arista',24),(24057,'Matlapa',24),(24058,'El Naranjo',24),(25001,'Ahome',25),(25002,'Angostura',25),(25003,'Badiraguato',25),(25004,'Concordia',25),(25005,'Cosalá',25),(25006,'Culiacán',25),(25007,'Choix',25),(25008,'Elota',25),(25009,'Escuinapa',25),(25010,'El Fuerte',25),(25011,'Guasave',25),(25012,'Mazatlán',25),(25013,'Mocorito',25),(25014,'Rosario',25),(25015,'Salvador Alvarado',25),(25016,'San Ignacio',25),(25017,'Sinaloa',25),(25018,'Navolato',25),(26001,'Aconchi',26),(26002,'Agua Prieta',26),(26003,'Alamos',26),(26004,'Altar',26),(26005,'Arivechi',26),(26006,'Arizpe',26),(26007,'Atil',26),(26008,'Bacadéhuachi',26),(26009,'Bacanora',26),(26010,'Bacerac',26),(26011,'Bacoachi',26),(26012,'Bácum',26),(26013,'Banámichi',26),(26014,'Baviácora',26),(26015,'Bavispe',26),(26016,'Benjamín Hill',26),(26017,'Caborca',26),(26018,'Cajeme',26),(26019,'Cananea',26),(26020,'Carbó',26),(26021,'La Colorada',26),(26022,'Cucurpe',26),(26023,'Cumpas',26),(26024,'Divisaderos',26),(26025,'Empalme',26),(26026,'Etchojoa',26),(26027,'Fronteras',26),(26028,'Granados',26),(26029,'Guaymas',26),(26030,'Hermosillo',26),(26031,'Huachinera',26),(26032,'Huásabas',26),(26033,'Huatabampo',26),(26034,'Huépac',26),(26035,'Imuris',26),(26036,'Magdalena',26),(26037,'Mazatán',26),(26038,'Moctezuma',26),(26039,'Naco',26),(26040,'Nácori Chico',26),(26041,'Nacozari de García',26),(26042,'Navojoa',26),(26043,'Nogales',26),(26044,'Onavas',26),(26045,'Opodepe',26),(26046,'Oquitoa',26),(26047,'Pitiquito',26),(26048,'Puerto Peñasco',26),(26049,'Quiriego',26),(26050,'Rayón',26),(26051,'Rosario',26),(26052,'Sahuaripa',26),(26053,'San Felipe de Jesús',26),(26054,'San Javier',26),(26055,'San Luis Río Colorado',26),(26056,'San Miguel de Horcasitas',26),(26057,'San Pedro de la Cueva',26),(26058,'Santa Ana',26),(26059,'Santa Cruz',26),(26060,'Sáric',26),(26061,'Soyopa',26),(26062,'Suaqui Grande',26),(26063,'Tepache',26),(26064,'Trincheras',26),(26065,'Tubutama',26),(26066,'Ures',26),(26067,'Villa Hidalgo',26),(26068,'Villa Pesqueira',26),(26069,'Yécora',26),(26070,'General Plutarco Elías Calles',26),(26071,'Benito Juárez',26),(26072,'San Ignacio Río Muerto',26),(27001,'Balancán',27),(27002,'Cárdenas',27),(27003,'Centla',27),(27004,'Centro',27),(27005,'Comalcalco',27),(27006,'Cunduacán',27),(27007,'Emiliano Zapata',27),(27008,'Huimanguillo',27),(27009,'Jalapa',27),(27010,'Jalpa de Méndez',27),(27011,'Jonuta',27),(27012,'Macuspana',27),(27013,'Nacajuca',27),(27014,'Paraíso',27),(27015,'Tacotalpa',27),(27016,'Teapa',27),(27017,'Tenosique',27),(28001,'Abasolo',28),(28002,'Aldama',28),(28003,'Altamira',28),(28004,'Antiguo Morelos',28),(28005,'Burgos',28),(28006,'Bustamante',28),(28007,'Camargo',28),(28008,'Casas',28),(28009,'Ciudad Madero',28),(28010,'Cruillas',28),(28011,'Gómez Farías',28),(28012,'González',28),(28013,'Güémez',28),(28014,'Guerrero',28),(28015,'Gustavo Díaz Ordaz',28),(28016,'Hidalgo',28),(28017,'Jaumave',28),(28018,'Jiménez',28),(28019,'Llera',28),(28020,'Mainero',28),(28021,'El Mante',28),(28022,'Matamoros',28),(28023,'Méndez',28),(28024,'Mier',28),(28025,'Miguel Alemán',28),(28026,'Miquihuana',28),(28027,'Nuevo Laredo',28),(28028,'Nuevo Morelos',28),(28029,'Ocampo',28),(28030,'Padilla',28),(28031,'Palmillas',28),(28032,'Reynosa',28),(28033,'Río Bravo',28),(28034,'San Carlos',28),(28035,'San Fernando',28),(28036,'San Nicolás',28),(28037,'Soto la Marina',28),(28038,'Tampico',28),(28039,'Tula',28),(28040,'Valle Hermoso',28),(28041,'Victoria',28),(28042,'Villagrán',28),(28043,'Xicoténcatl',28),(29001,'Amaxac de Guerrero',29),(29002,'Apetatitlán de Antonio Carvajal',29),(29003,'Atlangatepec',29),(29004,'Atltzayanca',29),(29005,'Apizaco',29),(29006,'Calpulalpan',29),(29007,'El Carmen Tequexquitla',29),(29008,'Cuapiaxtla',29),(29009,'Cuaxomulco',29),(29010,'Chiautempan',29),(29011,'Muñoz de Domingo Arenas',29),(29012,'Españita',29),(29013,'Huamantla',29),(29014,'Hueyotlipan',29),(29015,'Ixtacuixtla de Mariano Matamoros',29),(29016,'Ixtenco',29),(29017,'Mazatecochco de José María Morelos',29),(29018,'Contla de Juan Cuamatzi',29),(29019,'Tepetitla de Lardizábal',29),(29020,'Sanctórum de Lázaro Cárdenas',29),(29021,'Nanacamilpa de Mariano Arista',29),(29022,'Acuamanala de Miguel Hidalgo',29),(29023,'Natívitas',29),(29024,'Panotla',29),(29025,'San Pablo del Monte',29),(29026,'Santa Cruz Tlaxcala',29),(29027,'Tenancingo',29),(29028,'Teolocholco',29),(29029,'Tepeyanco',29),(29030,'Terrenate',29),(29031,'Tetla de la Solidaridad',29),(29032,'Tetlatlahuca',29),(29033,'Tlaxcala',29),(29034,'Tlaxco',29),(29035,'Tocatlán',29),(29036,'Totolac',29),(29037,'Ziltlaltépec de Trinidad Sánchez Santos',29),(29038,'Tzompantepec',29),(29039,'Xaloztoc',29),(29040,'Xaltocan',29),(29041,'Papalotla de Xicohténcatl',29),(29042,'Xicohtzinco',29),(29043,'Yauhquemehcan',29),(29044,'Zacatelco',29),(29045,'Benito Juárez',29),(29046,'Emiliano Zapata',29),(29047,'Lázaro Cárdenas',29),(29048,'La Magdalena Tlaltelulco',29),(29049,'San Damián Texóloc',29),(29050,'San Francisco Tetlanohcan',29),(29051,'San Jerónimo Zacualpan',29),(29052,'San José Teacalco',29),(29053,'San Juan Huactzinco',29),(29054,'San Lorenzo Axocomanitla',29),(29055,'San Lucas Tecopilco',29),(29056,'Santa Ana Nopalucan',29),(29057,'Santa Apolonia Teacalco',29),(29058,'Santa Catarina Ayometla',29),(29059,'Santa Cruz Quilehtla',29),(29060,'Santa Isabel Xiloxoxtla',29),(30001,'Acajete',30),(30002,'Acatlán',30),(30003,'Acayucan',30),(30004,'Actopan',30),(30005,'Acula',30),(30006,'Acultzingo',30),(30007,'Camarón de Tejeda',30),(30008,'Alpatláhuac',30),(30009,'Alto Lucero de Gutiérrez Barrios',30),(30010,'Altotonga',30),(30011,'Alvarado',30),(30012,'Amatitlán',30),(30013,'Naranjos Amatlán',30),(30014,'Amatlán de los Reyes',30),(30015,'Angel R. Cabada',30),(30016,'La Antigua',30),(30017,'Apazapan',30),(30018,'Aquila',30),(30019,'Astacinga',30),(30020,'Atlahuilco',30),(30021,'Atoyac',30),(30022,'Atzacan',30),(30023,'Atzalan',30),(30024,'Tlaltetela',30),(30025,'Ayahualulco',30),(30026,'Banderilla',30),(30027,'Benito Juárez',30),(30028,'Boca del Río',30),(30029,'Calcahualco',30),(30030,'Camerino Z. Mendoza',30),(30031,'Carrillo Puerto',30),(30032,'Catemaco',30),(30033,'Cazones de Herrera',30),(30034,'Cerro Azul',30),(30035,'Citlaltépetl',30),(30036,'Coacoatzintla',30),(30037,'Coahuitlán',30),(30038,'Coatepec',30),(30039,'Coatzacoalcos',30),(30040,'Coatzintla',30),(30041,'Coetzala',30),(30042,'Colipa',30),(30043,'Comapa',30),(30044,'Córdoba',30),(30045,'Cosamaloapan de Carpio',30),(30046,'Cosautlán de Carvajal',30),(30047,'Coscomatepec',30),(30048,'Cosoleacaque',30),(30049,'Cotaxtla',30),(30050,'Coxquihui',30),(30051,'Coyutla',30),(30052,'Cuichapa',30),(30053,'Cuitláhuac',30),(30054,'Chacaltianguis',30),(30055,'Chalma',30),(30056,'Chiconamel',30),(30057,'Chiconquiaco',30),(30058,'Chicontepec',30),(30059,'Chinameca',30),(30060,'Chinampa de Gorostiza',30),(30061,'Las Choapas',30),(30062,'Chocamán',30),(30063,'Chontla',30),(30064,'Chumatlán',30),(30065,'Emiliano Zapata',30),(30066,'Espinal',30),(30067,'Filomeno Mata',30),(30068,'Fortín',30),(30069,'Gutiérrez Zamora',30),(30070,'Hidalgotitlán',30),(30071,'Huatusco',30),(30072,'Huayacocotla',30),(30073,'Hueyapan de Ocampo',30),(30074,'Huiloapan de Cuauhtémoc',30),(30075,'Ignacio de la Llave',30),(30076,'Ilamatlán',30),(30077,'Isla',30),(30078,'Ixcatepec',30),(30079,'Ixhuacán de los Reyes',30),(30080,'Ixhuatlán del Café',30),(30081,'Ixhuatlancillo',30),(30082,'Ixhuatlán del Sureste',30),(30083,'Ixhuatlán de Madero',30),(30084,'Ixmatlahuacan',30),(30085,'Ixtaczoquitlán',30),(30086,'Jalacingo',30),(30087,'Xalapa',30),(30088,'Jalcomulco',30),(30089,'Jáltipan',30),(30090,'Jamapa',30),(30091,'Jesús Carranza',30),(30092,'Xico',30),(30093,'Jilotepec',30),(30094,'Juan Rodríguez Clara',30),(30095,'Juchique de Ferrer',30),(30096,'Landero y Coss',30),(30097,'Lerdo de Tejada',30),(30098,'Magdalena',30),(30099,'Maltrata',30),(30100,'Manlio Fabio Altamirano',30),(30101,'Mariano Escobedo',30),(30102,'Martínez de la Torre',30),(30103,'Mecatlán',30),(30104,'Mecayapan',30),(30105,'Medellín de Bravo',30),(30106,'Miahuatlán',30),(30107,'Las Minas',30),(30108,'Minatitlán',30),(30109,'Misantla',30),(30110,'Mixtla de Altamirano',30),(30111,'Moloacán',30),(30112,'Naolinco',30),(30113,'Naranjal',30),(30114,'Nautla',30),(30115,'Nogales',30),(30116,'Oluta',30),(30117,'Omealca',30),(30118,'Orizaba',30),(30119,'Otatitlán',30),(30120,'Oteapan',30),(30121,'Ozuluama de Mascareñas',30),(30122,'Pajapan',30),(30123,'Pánuco',30),(30124,'Papantla',30),(30125,'Paso del Macho',30),(30126,'Paso de Ovejas',30),(30127,'La Perla',30),(30128,'Perote',30),(30129,'Platón Sánchez',30),(30130,'Playa Vicente',30),(30131,'Poza Rica de Hidalgo',30),(30132,'Las Vigas de Ramírez',30),(30133,'Pueblo Viejo',30),(30134,'Puente Nacional',30),(30135,'Rafael Delgado',30),(30136,'Rafael Lucio',30),(30137,'Los Reyes',30),(30138,'Río Blanco',30),(30139,'Saltabarranca',30),(30140,'San Andrés Tenejapan',30),(30141,'San Andrés Tuxtla',30),(30142,'San Juan Evangelista',30),(30143,'Santiago Tuxtla',30),(30144,'Sayula de Alemán',30),(30145,'Soconusco',30),(30146,'Sochiapa',30),(30147,'Soledad Atzompa',30),(30148,'Soledad de Doblado',30),(30149,'Soteapan',30),(30150,'Tamalín',30),(30151,'Tamiahua',30),(30152,'Tampico Alto',30),(30153,'Tancoco',30),(30154,'Tantima',30),(30155,'Tantoyuca',30),(30156,'Tatatila',30),(30157,'Castillo de Teayo',30),(30158,'Tecolutla',30),(30159,'Tehuipango',30),(30160,'Álamo Temapache',30),(30161,'Tempoal',30),(30162,'Tenampa',30),(30163,'Tenochtitlán',30),(30164,'Teocelo',30),(30165,'Tepatlaxco',30),(30166,'Tepetlán',30),(30167,'Tepetzintla',30),(30168,'Tequila',30),(30169,'José Azueta',30),(30170,'Texcatepec',30),(30171,'Texhuacán',30),(30172,'Texistepec',30),(30173,'Tezonapa',30),(30174,'Tierra Blanca',30),(30175,'Tihuatlán',30),(30176,'Tlacojalpan',30),(30177,'Tlacolulan',30),(30178,'Tlacotalpan',30),(30179,'Tlacotepec de Mejía',30),(30180,'Tlachichilco',30),(30181,'Tlalixcoyan',30),(30182,'Tlalnelhuayocan',30),(30183,'Tlapacoyan',30),(30184,'Tlaquilpa',30),(30185,'Tlilapan',30),(30186,'Tomatlán',30),(30187,'Tonayán',30),(30188,'Totutla',30),(30189,'Tuxpan',30),(30190,'Tuxtilla',30),(30191,'Ursulo Galván',30),(30192,'Vega de Alatorre',30),(30193,'Veracruz',30),(30194,'Villa Aldama',30),(30195,'Xoxocotla',30),(30196,'Yanga',30),(30197,'Yecuatla',30),(30198,'Zacualpan',30),(30199,'Zaragoza',30),(30200,'Zentla',30),(30201,'Zongolica',30),(30202,'Zontecomatlán de López y Fuentes',30),(30203,'Zozocolco de Hidalgo',30),(30204,'Agua Dulce',30),(30205,'El Higo',30),(30206,'Nanchital de Lázaro Cárdenas del Río',30),(30207,'Tres Valles',30),(30208,'Carlos A. Carrillo',30),(30209,'Tatahuicapan de Juárez',30),(30210,'Uxpanapa',30),(30211,'San Rafael',30),(30212,'Santiago Sochiapan',30),(31001,'Abalá',31),(31002,'Acanceh',31),(31003,'Akil',31),(31004,'Baca',31),(31005,'Bokobá',31),(31006,'Buctzotz',31),(31007,'Cacalchén',31),(31008,'Calotmul',31),(31009,'Cansahcab',31),(31010,'Cantamayec',31),(31011,'Celestún',31),(31012,'Cenotillo',31),(31013,'Conkal',31),(31014,'Cuncunul',31),(31015,'Cuzamá',31),(31016,'Chacsinkín',31),(31017,'Chankom',31),(31018,'Chapab',31),(31019,'Chemax',31),(31020,'Chicxulub Pueblo',31),(31021,'Chichimilá',31),(31022,'Chikindzonot',31),(31023,'Chocholá',31),(31024,'Chumayel',31),(31025,'Dzán',31),(31026,'Dzemul',31),(31027,'Dzidzantún',31),(31028,'Dzilam de Bravo',31),(31029,'Dzilam González',31),(31030,'Dzitás',31),(31031,'Dzoncauich',31),(31032,'Espita',31),(31033,'Halachó',31),(31034,'Hocabá',31),(31035,'Hoctún',31),(31036,'Homún',31),(31037,'Huhí',31),(31038,'Hunucmá',31),(31039,'Ixil',31),(31040,'Izamal',31),(31041,'Kanasín',31),(31042,'Kantunil',31),(31043,'Kaua',31),(31044,'Kinchil',31),(31045,'Kopomá',31),(31046,'Mama',31),(31047,'Maní',31),(31048,'Maxcanú',31),(31049,'Mayapán',31),(31050,'Mérida',31),(31051,'Mocochá',31),(31052,'Motul',31),(31053,'Muna',31),(31054,'Muxupip',31),(31055,'Opichén',31),(31056,'Oxkutzcab',31),(31057,'Panabá',31),(31058,'Peto',31),(31059,'Progreso',31),(31060,'Quintana Roo',31),(31061,'Río Lagartos',31),(31062,'Sacalum',31),(31063,'Samahil',31),(31064,'Sanahcat',31),(31065,'San Felipe',31),(31066,'Santa Elena',31),(31067,'Seyé',31),(31068,'Sinanché',31),(31069,'Sotuta',31),(31070,'Sucilá',31),(31071,'Sudzal',31),(31072,'Suma',31),(31073,'Tahdziú',31),(31074,'Tahmek',31),(31075,'Teabo',31),(31076,'Tecoh',31),(31077,'Tekal de Venegas',31),(31078,'Tekantó',31),(31079,'Tekax',31),(31080,'Tekit',31),(31081,'Tekom',31),(31082,'Telchac Pueblo',31),(31083,'Telchac Puerto',31),(31084,'Temax',31),(31085,'Temozón',31),(31086,'Tepakán',31),(31087,'Tetiz',31),(31088,'Teya',31),(31089,'Ticul',31),(31090,'Timucuy',31),(31091,'Tinum',31),(31092,'Tixcacalcupul',31),(31093,'Tixkokob',31),(31094,'Tixmehuac',31),(31095,'Tixpéhual',31),(31096,'Tizimín',31),(31097,'Tunkás',31),(31098,'Tzucacab',31),(31099,'Uayma',31),(31100,'Ucú',31),(31101,'Umán',31),(31102,'Valladolid',31),(31103,'Xocchel',31),(31104,'Yaxcabá',31),(31105,'Yaxkukul',31),(31106,'Yobaín',31),(32001,'Apozol',32),(32002,'Apulco',32),(32003,'Atolinga',32),(32004,'Benito Juárez',32),(32005,'Calera',32),(32006,'Cañitas de Felipe Pescador',32),(32007,'Concepción del Oro',32),(32008,'Cuauhtémoc',32),(32009,'Chalchihuites',32),(32010,'Fresnillo',32),(32011,'Trinidad García de la Cadena',32),(32012,'Genaro Codina',32),(32013,'General Enrique Estrada',32),(32014,'General Francisco R. Murguía',32),(32015,'El Plateado de Joaquín Amaro',32),(32016,'General Pánfilo Natera',32),(32017,'Guadalupe',32),(32018,'Huanusco',32),(32019,'Jalpa',32),(32020,'Jerez',32),(32021,'Jiménez del Teul',32),(32022,'Juan Aldama',32),(32023,'Juchipila',32),(32024,'Loreto',32),(32025,'Luis Moya',32),(32026,'Mazapil',32),(32027,'Melchor Ocampo',32),(32028,'Mezquital del Oro',32),(32029,'Miguel Auza',32),(32030,'Momax',32),(32031,'Monte Escobedo',32),(32032,'Morelos',32),(32033,'Moyahua de Estrada',32),(32034,'Nochistlán de Mejía',32),(32035,'Noria de Ángeles',32),(32036,'Ojocaliente',32),(32037,'Pánuco',32),(32038,'Pinos',32),(32039,'Río Grande',32),(32040,'Sain Alto',32),(32041,'El Salvador',32),(32042,'Sombrerete',32),(32043,'Susticacán',32),(32044,'Tabasco',32),(32045,'Tepechitlán',32),(32046,'Tepetongo',32),(32047,'Teúl de González Ortega',32),(32048,'Tlaltenango de Sánchez Román',32),(32049,'Valparaíso',32),(32050,'Vetagrande',32),(32051,'Villa de Cos',32),(32052,'Villa García',32),(32053,'Villa González Ortega',32),(32054,'Villa Hidalgo',32),(32055,'Villanueva',32),(32056,'Zacatecas',32),(32057,'Trancoso',32),(32058,'Santa María de la Paz',32);
/*!40000 ALTER TABLE `municipio` ENABLE KEYS */;
UNLOCK TABLES;

--
-- Table structure for table `notificacion`
--

DROP TABLE IF EXISTS `notificacion`;
/*!40101 SET @saved_cs_client     = @@character_set_client */;
/*!50503 SET character_set_client = utf8mb4 */;
CREATE TABLE `notificacion` (
  `not_id` int NOT NULL AUTO_INCREMENT,
  `not_alerta` text NOT NULL,
  `not_fktmov` int NOT NULL,
  PRIMARY KEY (`not_id`),
  KEY `not_fktmov_idx` (`not_fktmov`),
  CONSTRAINT `not_fktmov` FOREIGN KEY (`not_fktmov`) REFERENCES `tmovimiento` (`tmov_id`)
) ENGINE=InnoDB AUTO_INCREMENT=11 DEFAULT CHARSET=utf8mb4 COLLATE=utf8mb4_0900_ai_ci;
/*!40101 SET character_set_client = @saved_cs_client */;

--
-- Dumping data for table `notificacion`
--

LOCK TABLES `notificacion` WRITE;
/*!40000 ALTER TABLE `notificacion` DISABLE KEYS */;
INSERT INTO `notificacion` VALUES (1,'Alerta: El monto de ingreso ha superado el límite permitido.',1),(2,'Alerta: Ingreso registrado por un monto elevado.',1),(3,'Alerta: Verifique el monto de ingreso, es cercano al límite máximo.',1),(4,'Alerta: Ingreso procesado exitosamente dentro del rango.',1),(5,'Alerta: Ingreso fuera del rango mínimo permitido.',1),(6,'Alerta: El gasto ha superado el presupuesto disponible.',2),(7,'Alerta: Gasto registrado es muy alto, verifique la cantidad.',2),(8,'Alerta: Gasto registrado dentro del rango permitido.',2),(9,'Alerta: El gasto ha alcanzado el límite máximo, controle su presupuesto.',2),(10,'Alerta: Gasto fuera del rango mínimo permitido.',2);
/*!40000 ALTER TABLE `notificacion` ENABLE KEYS */;
UNLOCK TABLES;

--
-- Table structure for table `servicio`
--

DROP TABLE IF EXISTS `servicio`;
/*!40101 SET @saved_cs_client     = @@character_set_client */;
/*!50503 SET character_set_client = utf8mb4 */;
CREATE TABLE `servicio` (
  `ser_id` int NOT NULL AUTO_INCREMENT,
  `ser_monto` decimal(10,2) NOT NULL,
  `ser_fecha_pago` date NOT NULL,
  `ser_motivo` varchar(50) NOT NULL,
  `movimiento_mov_id` int NOT NULL,
  `tipo_servicio_tser_id` int NOT NULL,
  PRIMARY KEY (`ser_id`),
  KEY `tipo_servicio_tser_id_idx` (`tipo_servicio_tser_id`),
  KEY `movimiento_mov_id_idx` (`movimiento_mov_id`),
  CONSTRAINT `movimiento_mov_id` FOREIGN KEY (`movimiento_mov_id`) REFERENCES `movimiento` (`mov_id`),
  CONSTRAINT `tipo_servicio_tser_id` FOREIGN KEY (`tipo_servicio_tser_id`) REFERENCES `tservicio` (`tser_id`)
) ENGINE=InnoDB AUTO_INCREMENT=8 DEFAULT CHARSET=utf8mb4 COLLATE=utf8mb4_0900_ai_ci;
/*!40101 SET character_set_client = @saved_cs_client */;

--
-- Dumping data for table `servicio`
--

LOCK TABLES `servicio` WRITE;
/*!40000 ALTER TABLE `servicio` DISABLE KEYS */;
/*!40000 ALTER TABLE `servicio` ENABLE KEYS */;
UNLOCK TABLES;

--
-- Table structure for table `suscripcion`
--

DROP TABLE IF EXISTS `suscripcion`;
/*!40101 SET @saved_cs_client     = @@character_set_client */;
/*!50503 SET character_set_client = utf8mb4 */;
CREATE TABLE `suscripcion` (
  `sus_id` int NOT NULL AUTO_INCREMENT,
  `sus_fktsus` int NOT NULL,
  `sus_fecha_contratacion` date NOT NULL,
  `sus_fecha_vencimiento` date NOT NULL,
  `sus_monto` decimal(10,2) NOT NULL,
  `sus_fkmov` int NOT NULL,
  PRIMARY KEY (`sus_id`),
  KEY `sus_fktsus_idx` (`sus_fktsus`),
  KEY `sus_fkmov_idx` (`sus_fkmov`),
  CONSTRAINT `sus_fkmov` FOREIGN KEY (`sus_fkmov`) REFERENCES `movimiento` (`mov_id`),
  CONSTRAINT `sus_fktsus` FOREIGN KEY (`sus_fktsus`) REFERENCES `tsuscripcion` (`tsus_id`)
) ENGINE=InnoDB AUTO_INCREMENT=16 DEFAULT CHARSET=utf8mb4 COLLATE=utf8mb4_0900_ai_ci;
/*!40101 SET character_set_client = @saved_cs_client */;

--
-- Dumping data for table `suscripcion`
--

LOCK TABLES `suscripcion` WRITE;
/*!40000 ALTER TABLE `suscripcion` DISABLE KEYS */;
/*!40000 ALTER TABLE `suscripcion` ENABLE KEYS */;
UNLOCK TABLES;

--
-- Table structure for table `tahorro`
--

DROP TABLE IF EXISTS `tahorro`;
/*!40101 SET @saved_cs_client     = @@character_set_client */;
/*!50503 SET character_set_client = utf8mb4 */;
CREATE TABLE `tahorro` (
  `taho_id` int NOT NULL AUTO_INCREMENT,
  `taho_descripcion` text NOT NULL,
  `taho_monto_min` decimal(10,2) DEFAULT NULL,
  `taho_monto_max` decimal(10,2) DEFAULT NULL,
  PRIMARY KEY (`taho_id`)
) ENGINE=InnoDB AUTO_INCREMENT=12 DEFAULT CHARSET=utf8mb4 COLLATE=utf8mb4_0900_ai_ci;
/*!40101 SET character_set_client = @saved_cs_client */;

--
-- Dumping data for table `tahorro`
--

LOCK TABLES `tahorro` WRITE;
/*!40000 ALTER TABLE `tahorro` DISABLE KEYS */;
INSERT INTO `tahorro` VALUES (1,'Ahorro de emergencia',500.00,20000.00),(2,'Ahorro para inversión',1000.00,100000.00),(3,'Ahorro para vacaciones',100.00,10000.00),(4,'Ahorro para educación',200.00,50000.00),(5,'Ahorro para compra de vivienda',5000.00,500000.00),(6,'Ahorro para compra de vehículo',3000.00,100000.00),(7,'Ahorro para gastos médicos',500.00,30000.00),(8,'Ahorro para jubilación',1000.00,200000.00),(9,'Ahorro para emprendimiento',2000.00,150000.00),(10,'Ahorro para tecnología',100.00,5000.00),(11,'Ahorro para eventos especiales',50.00,10000.00);
/*!40000 ALTER TABLE `tahorro` ENABLE KEYS */;
UNLOCK TABLES;

--
-- Table structure for table `tiempo`
--

DROP TABLE IF EXISTS `tiempo`;
/*!40101 SET @saved_cs_client     = @@character_set_client */;
/*!50503 SET character_set_client = utf8mb4 */;
CREATE TABLE `tiempo` (
  `tim_id` int NOT NULL AUTO_INCREMENT,
  `tim_descripcion` text NOT NULL,
  PRIMARY KEY (`tim_id`)
) ENGINE=InnoDB AUTO_INCREMENT=7 DEFAULT CHARSET=utf8mb4 COLLATE=utf8mb4_0900_ai_ci;
/*!40101 SET character_set_client = @saved_cs_client */;

--
-- Dumping data for table `tiempo`
--

LOCK TABLES `tiempo` WRITE;
/*!40000 ALTER TABLE `tiempo` DISABLE KEYS */;
INSERT INTO `tiempo` VALUES (1,'mensual'),(2,'semi-mensual'),(3,'quincenal'),(4,'semanal'),(5,'anual'),(6,'unico');
/*!40000 ALTER TABLE `tiempo` ENABLE KEYS */;
UNLOCK TABLES;

--
-- Table structure for table `tmovimiento`
--

DROP TABLE IF EXISTS `tmovimiento`;
/*!40101 SET @saved_cs_client     = @@character_set_client */;
/*!50503 SET character_set_client = utf8mb4 */;
CREATE TABLE `tmovimiento` (
  `tmov_id` int NOT NULL AUTO_INCREMENT,
  `tmov_descripcion` text NOT NULL,
  `tmov_monto_min` decimal(10,2) DEFAULT NULL,
  `tmov_monto_max` decimal(10,2) DEFAULT NULL,
  PRIMARY KEY (`tmov_id`)
) ENGINE=InnoDB AUTO_INCREMENT=4 DEFAULT CHARSET=utf8mb4 COLLATE=utf8mb4_0900_ai_ci;
/*!40101 SET character_set_client = @saved_cs_client */;

--
-- Dumping data for table `tmovimiento`
--

LOCK TABLES `tmovimiento` WRITE;
/*!40000 ALTER TABLE `tmovimiento` DISABLE KEYS */;
INSERT INTO `tmovimiento` VALUES (1,'Ingreso',100.00,50000.00),(2,'Gasto',10.00,20000.00);
/*!40000 ALTER TABLE `tmovimiento` ENABLE KEYS */;
UNLOCK TABLES;

--
-- Table structure for table `tservicio`
--

DROP TABLE IF EXISTS `tservicio`;
/*!40101 SET @saved_cs_client     = @@character_set_client */;
/*!50503 SET character_set_client = utf8mb4 */;
CREATE TABLE `tservicio` (
  `tser_id` int NOT NULL AUTO_INCREMENT,
  `tser_descripcion` text NOT NULL,
  PRIMARY KEY (`tser_id`)
) ENGINE=InnoDB AUTO_INCREMENT=10 DEFAULT CHARSET=utf8mb4 COLLATE=utf8mb4_0900_ai_ci;
/*!40101 SET character_set_client = @saved_cs_client */;

--
-- Dumping data for table `tservicio`
--

LOCK TABLES `tservicio` WRITE;
/*!40000 ALTER TABLE `tservicio` DISABLE KEYS */;
INSERT INTO `tservicio` VALUES (1,'Electricidad'),(2,'Agua potable'),(3,'Internet'),(4,'Gas natural'),(5,'Telefonía fija'),(6,'Telefonía móvil'),(7,'Televisión por cable'),(8,'Recolección de basura'),(9,'Transporte público');
/*!40000 ALTER TABLE `tservicio` ENABLE KEYS */;
UNLOCK TABLES;

--
-- Table structure for table `tsuscripcion`
--

DROP TABLE IF EXISTS `tsuscripcion`;
/*!40101 SET @saved_cs_client     = @@character_set_client */;
/*!50503 SET character_set_client = utf8mb4 */;
CREATE TABLE `tsuscripcion` (
  `tsus_id` int NOT NULL AUTO_INCREMENT,
  `tsus_descripcion` varchar(100) NOT NULL,
  `tsus_plan` varchar(45) NOT NULL,
  PRIMARY KEY (`tsus_id`)
) ENGINE=InnoDB AUTO_INCREMENT=40 DEFAULT CHARSET=utf8mb4 COLLATE=utf8mb4_0900_ai_ci;
/*!40101 SET character_set_client = @saved_cs_client */;

--
-- Dumping data for table `tsuscripcion`
--

LOCK TABLES `tsuscripcion` WRITE;
/*!40000 ALTER TABLE `tsuscripcion` DISABLE KEYS */;
INSERT INTO `tsuscripcion` VALUES (1,'Netflix','Estándar'),(2,'Netflix','Premium'),(3,'Disney+','Estándar'),(4,'Disney+','Anual'),(5,'HBO Max','Estándar'),(6,'HBO Max','Anual'),(7,'Amazon Prime Video','Mensual'),(8,'Amazon Prime Video','Anual'),(9,'Apple TV+','Mensual'),(10,'Spotify','Gratis'),(11,'Spotify','Premium Individual'),(12,'Spotify','Premium Duo'),(13,'Spotify','Premium Familiar'),(14,'Spotify','Premium para Estudiantes'),(15,'Crunchyroll','Fan'),(16,'Crunchyroll','Mega Fan Mensual'),(17,'Crunchyroll','Mega Fan Anual'),(18,'YouTube Premium','Individual'),(19,'YouTube Premium','Familiar'),(20,'YouTube Premium','para Estudiantes');
/*!40000 ALTER TABLE `tsuscripcion` ENABLE KEYS */;
UNLOCK TABLES;

--
-- Table structure for table `user`
--

DROP TABLE IF EXISTS `user`;
/*!40101 SET @saved_cs_client     = @@character_set_client */;
/*!50503 SET character_set_client = utf8mb4 */;
CREATE TABLE `user` (
  `id` int NOT NULL AUTO_INCREMENT,
  `username` varchar(255) NOT NULL,
  `auth_key` varchar(32) NOT NULL,
  `password_hash` varchar(255) NOT NULL,
  `confirmation_token` varchar(255) DEFAULT NULL,
  `status` int NOT NULL DEFAULT '1',
  `superadmin` smallint DEFAULT '0',
  `created_at` int NOT NULL,
  `updated_at` int NOT NULL,
  `registration_ip` varchar(15) DEFAULT NULL,
  `bind_to_ip` varchar(255) DEFAULT NULL,
  `email` varchar(128) DEFAULT NULL,
  `email_confirmed` smallint NOT NULL DEFAULT '0',
  PRIMARY KEY (`id`)
) ENGINE=InnoDB AUTO_INCREMENT=9 DEFAULT CHARSET=utf8mb3;
/*!40101 SET character_set_client = @saved_cs_client */;

--
-- Dumping data for table `user`
--

LOCK TABLES `user` WRITE;
/*!40000 ALTER TABLE `user` DISABLE KEYS */;
INSERT INTO `user` VALUES (1,'superadmin','kz2px152FAWlkHbkZoCiXgBAd-S8SSjF','$2y$13$MhlYe12xkGFnSeK0sO2up.Y9kAD9Ct6JS1i9VLP7YAqd1dFsSylz2',NULL,1,1,1426062188,1426062188,NULL,NULL,NULL,0),(4,'prueba','zwIGB8VTAUtFnm92SHB2DB5URVdpfp_3','$2y$13$BrmKSkgArBBSLdJzrPJUUum9s3hPanzUqnfohC7HmIqFmzDsBFVG2',NULL,1,0,1742438640,1742438640,'::1','','prueba@gmail.com',1),(5,'danabi','9pj9tUK3d85O3OehbR-yxbv_53E9w2UW','$2y$13$mRFQNUH/F3egjaB.qxSLoeUEIU5uxlmxrMzF5z8paArXTWmo5A4.6',NULL,1,0,1742856960,1742856960,'::1',NULL,'l21300641@villahermosa.tecnm.mx',0),(7,'coffee','5GTyDJ2uiHS7izxnlF3fYalT6x7WhWrp','$2y$13$AiVa/lzYr6nVdw4Rc/ItNOFF80tRLCbfFzIHJmrW5.wUBjjmwmyti',NULL,1,1,1744091385,1744091385,'::1',NULL,'l21300585@villahermosa.tecnm.mx',0),(8,'tefi','CTi4MoZfep6nxjd0xnefQ6meQddH3wej','$2y$13$TYHYvrtU98495yLZV/kph.ZZYEXiDNLlgGxHFDYB2MwZavwKlZcs2',NULL,1,1,1744091675,1744091675,'::1',NULL,'l21300616@villahermosa.tecnm.mx',0);
/*!40000 ALTER TABLE `user` ENABLE KEYS */;
UNLOCK TABLES;

--
-- Table structure for table `user_visit_log`
--

DROP TABLE IF EXISTS `user_visit_log`;
/*!40101 SET @saved_cs_client     = @@character_set_client */;
/*!50503 SET character_set_client = utf8mb4 */;
CREATE TABLE `user_visit_log` (
  `id` int NOT NULL AUTO_INCREMENT,
  `token` varchar(255) NOT NULL,
  `ip` varchar(15) NOT NULL,
  `language` char(2) NOT NULL,
  `user_agent` varchar(255) NOT NULL,
  `user_id` int DEFAULT NULL,
  `visit_time` int NOT NULL,
  `browser` varchar(30) DEFAULT NULL,
  `os` varchar(20) DEFAULT NULL,
  PRIMARY KEY (`id`),
  KEY `user_id` (`user_id`),
  CONSTRAINT `user_visit_log_ibfk_1` FOREIGN KEY (`user_id`) REFERENCES `user` (`id`) ON DELETE SET NULL ON UPDATE CASCADE
) ENGINE=InnoDB AUTO_INCREMENT=46 DEFAULT CHARSET=utf8mb3;
/*!40101 SET character_set_client = @saved_cs_client */;

--
-- Dumping data for table `user_visit_log`
--

LOCK TABLES `user_visit_log` WRITE;
/*!40000 ALTER TABLE `user_visit_log` DISABLE KEYS */;
INSERT INTO `user_visit_log` VALUES (1,'67d9f423e6f69','::1','es','Mozilla/5.0 (Windows NT 10.0; Win64; x64) AppleWebKit/537.36 (KHTML, like Gecko) Chrome/132.0.0.0 Safari/537.36 OPR/117.0.0.0',1,1742337059,'Chrome','Windows'),(2,'67db4293b77f3','::1','es','Mozilla/5.0 (Windows NT 10.0; Win64; x64) AppleWebKit/537.36 (KHTML, like Gecko) Chrome/134.0.0.0 Safari/537.36 Edg/134.0.0.0',1,1742422675,'Chrome','Windows'),(3,'67db46f902b34','::1','es','Mozilla/5.0 (Windows NT 10.0; Win64; x64) AppleWebKit/537.36 (KHTML, like Gecko) Chrome/132.0.0.0 Safari/537.36 OPR/117.0.0.0',NULL,1742423801,'Chrome','Windows'),(4,'67db806eb4584','::1','es','Mozilla/5.0 (Windows NT 10.0; Win64; x64) AppleWebKit/537.36 (KHTML, like Gecko) Chrome/134.0.0.0 Safari/537.36 Edg/134.0.0.0',1,1742438510,'Chrome','Windows'),(5,'67db84d78c77a','::1','es','Mozilla/5.0 (Windows NT 10.0; Win64; x64) AppleWebKit/537.36 (KHTML, like Gecko) Chrome/132.0.0.0 Safari/537.36 OPR/117.0.0.0',1,1742439639,'Chrome','Windows'),(6,'67e1d9bfdcaca','::1','es','Mozilla/5.0 (Windows NT 10.0; Win64; x64) AppleWebKit/537.36 (KHTML, like Gecko) Chrome/134.0.0.0 Safari/537.36 Edg/134.0.0.0',4,1742854591,'Chrome','Windows'),(7,'67e1e37eb1074','::1','es','Mozilla/5.0 (Windows NT 10.0; Win64; x64) AppleWebKit/537.36 (KHTML, like Gecko) Chrome/132.0.0.0 Safari/537.36 OPR/117.0.0.0',5,1742857086,'Chrome','Windows'),(8,'67e1e3a4b079b','::1','es','Mozilla/5.0 (Windows NT 10.0; Win64; x64) AppleWebKit/537.36 (KHTML, like Gecko) Chrome/132.0.0.0 Safari/537.36 OPR/117.0.0.0',1,1742857124,'Chrome','Windows'),(9,'67eb166dc7a43','::1','es','Mozilla/5.0 (Windows NT 10.0; Win64; x64) AppleWebKit/537.36 (KHTML, like Gecko) Chrome/134.0.0.0 Safari/537.36 Edg/134.0.0.0',1,1743459949,'Chrome','Windows'),(10,'67eb16709eff0','::1','es','Mozilla/5.0 (Windows NT 10.0; Win64; x64) AppleWebKit/537.36 (KHTML, like Gecko) Chrome/134.0.0.0 Safari/537.36 Edg/134.0.0.0',1,1743459952,'Chrome','Windows'),(11,'67ec3dd9ba00f','::1','es','Mozilla/5.0 (Windows NT 10.0; Win64; x64) AppleWebKit/537.36 (KHTML, like Gecko) Chrome/134.0.0.0 Safari/537.36 Edg/134.0.0.0',1,1743535577,'Chrome','Windows'),(12,'67ec56ee93c41','::1','es','Mozilla/5.0 (Windows NT 10.0; Win64; x64) AppleWebKit/537.36 (KHTML, like Gecko) Chrome/134.0.0.0 Safari/537.36 Edg/134.0.0.0',4,1743541998,'Chrome','Windows'),(13,'67ec570312e74','::1','es','Mozilla/5.0 (Windows NT 10.0; Win64; x64) AppleWebKit/537.36 (KHTML, like Gecko) Chrome/134.0.0.0 Safari/537.36 Edg/134.0.0.0',1,1743542019,'Chrome','Windows'),(14,'67ec571731e65','::1','es','Mozilla/5.0 (Windows NT 10.0; Win64; x64) AppleWebKit/537.36 (KHTML, like Gecko) Chrome/134.0.0.0 Safari/537.36 Edg/134.0.0.0',1,1743542039,'Chrome','Windows'),(15,'67ec5798bfb92','::1','es','Mozilla/5.0 (Windows NT 10.0; Win64; x64) AppleWebKit/537.36 (KHTML, like Gecko) Chrome/134.0.0.0 Safari/537.36 Edg/134.0.0.0',5,1743542168,'Chrome','Windows'),(16,'67ec57ade4d29','::1','es','Mozilla/5.0 (Windows NT 10.0; Win64; x64) AppleWebKit/537.36 (KHTML, like Gecko) Chrome/134.0.0.0 Safari/537.36 Edg/134.0.0.0',1,1743542189,'Chrome','Windows'),(17,'67ec68a336bf4','::1','es','Mozilla/5.0 (Windows NT 10.0; Win64; x64) AppleWebKit/537.36 (KHTML, like Gecko) Chrome/134.0.0.0 Safari/537.36 Edg/134.0.0.0',5,1743546531,'Chrome','Windows'),(18,'67ec691515e51','::1','es','Mozilla/5.0 (Windows NT 10.0; Win64; x64) AppleWebKit/537.36 (KHTML, like Gecko) Chrome/134.0.0.0 Safari/537.36 Edg/134.0.0.0',5,1743546645,'Chrome','Windows'),(19,'67edb633a24f7','::1','es','Mozilla/5.0 (Windows NT 10.0; Win64; x64) AppleWebKit/537.36 (KHTML, like Gecko) Chrome/134.0.0.0 Safari/537.36 Edg/134.0.0.0',1,1743631923,'Chrome','Windows'),(20,'67edb65cbd118','::1','es','Mozilla/5.0 (Windows NT 10.0; Win64; x64) AppleWebKit/537.36 (KHTML, like Gecko) Chrome/134.0.0.0 Safari/537.36 Edg/134.0.0.0',5,1743631964,'Chrome','Windows'),(21,'67ee9c8fd22f3','::1','es','Mozilla/5.0 (Windows NT 10.0; Win64; x64) AppleWebKit/537.36 (KHTML, like Gecko) Chrome/134.0.0.0 Safari/537.36 Edg/134.0.0.0',1,1743690895,'Chrome','Windows'),(22,'67ee9e482ea4f','::1','es','Mozilla/5.0 (Windows NT 10.0; Win64; x64) AppleWebKit/537.36 (KHTML, like Gecko) Chrome/134.0.0.0 Safari/537.36 Edg/134.0.0.0',1,1743691336,'Chrome','Windows'),(23,'67ee9e75e7449','::1','es','Mozilla/5.0 (Windows NT 10.0; Win64; x64) AppleWebKit/537.36 (KHTML, like Gecko) Chrome/134.0.0.0 Safari/537.36 Edg/134.0.0.0',5,1743691381,'Chrome','Windows'),(24,'67ef08117d99c','::1','es','Mozilla/5.0 (Windows NT 10.0; Win64; x64) AppleWebKit/537.36 (KHTML, like Gecko) Chrome/134.0.0.0 Safari/537.36 Edg/134.0.0.0',1,1743718417,'Chrome','Windows'),(25,'67ef091c2fb87','::1','es','Mozilla/5.0 (Windows NT 10.0; Win64; x64) AppleWebKit/537.36 (KHTML, like Gecko) Chrome/134.0.0.0 Safari/537.36 Edg/134.0.0.0',5,1743718684,'Chrome','Windows'),(26,'67ef09d05e6d9','::1','es','Mozilla/5.0 (Windows NT 10.0; Win64; x64) AppleWebKit/537.36 (KHTML, like Gecko) Chrome/134.0.0.0 Safari/537.36 Edg/134.0.0.0',5,1743718864,'Chrome','Windows'),(27,'67ef0a16e2304','::1','es','Mozilla/5.0 (Windows NT 10.0; Win64; x64) AppleWebKit/537.36 (KHTML, like Gecko) Chrome/134.0.0.0 Safari/537.36 Edg/134.0.0.0',1,1743718934,'Chrome','Windows'),(28,'67f4ad6d23d33','::1','es','Mozilla/5.0 (Windows NT 10.0; Win64; x64) AppleWebKit/537.36 (KHTML, like Gecko) Chrome/135.0.0.0 Safari/537.36 Edg/135.0.0.0',1,1744088429,'Chrome','Windows'),(29,'67f4ad6fa0b16','::1','es','Mozilla/5.0 (Windows NT 10.0; Win64; x64) AppleWebKit/537.36 (KHTML, like Gecko) Chrome/135.0.0.0 Safari/537.36 Edg/135.0.0.0',1,1744088431,'Chrome','Windows'),(30,'67f4b83d85349','::1','es','Mozilla/5.0 (Windows NT 10.0; Win64; x64) AppleWebKit/537.36 (KHTML, like Gecko) Chrome/135.0.0.0 Safari/537.36 Edg/135.0.0.0',1,1744091197,'Chrome','Windows'),(31,'67f4b89d88c31','::1','es','Mozilla/5.0 (Windows NT 10.0; Win64; x64) AppleWebKit/537.36 (KHTML, like Gecko) Chrome/135.0.0.0 Safari/537.36 Edg/135.0.0.0',5,1744091293,'Chrome','Windows'),(32,'67f4b8aeac444','::1','es','Mozilla/5.0 (Windows NT 10.0; Win64; x64) AppleWebKit/537.36 (KHTML, like Gecko) Chrome/135.0.0.0 Safari/537.36 Edg/135.0.0.0',1,1744091310,'Chrome','Windows'),(33,'67f4b92b30ab3','::1','es','Mozilla/5.0 (Windows NT 10.0; Win64; x64) AppleWebKit/537.36 (KHTML, like Gecko) Chrome/135.0.0.0 Safari/537.36 Edg/135.0.0.0',7,1744091435,'Chrome','Windows'),(34,'67f4b943de304','::1','es','Mozilla/5.0 (Windows NT 10.0; Win64; x64) AppleWebKit/537.36 (KHTML, like Gecko) Chrome/135.0.0.0 Safari/537.36 Edg/135.0.0.0',1,1744091459,'Chrome','Windows'),(35,'67f582228ff7b','::1','es','Mozilla/5.0 (Windows NT 10.0; Win64; x64) AppleWebKit/537.36 (KHTML, like Gecko) Chrome/135.0.0.0 Safari/537.36 Edg/135.0.0.0',1,1744142882,'Chrome','Windows'),(36,'67f5a22a52c45','::1','es','Mozilla/5.0 (Windows NT 10.0; Win64; x64) AppleWebKit/537.36 (KHTML, like Gecko) Chrome/135.0.0.0 Safari/537.36 Edg/135.0.0.0',7,1744151082,'Chrome','Windows'),(37,'67f5a4a1e2743','::1','es','Mozilla/5.0 (Windows NT 10.0; Win64; x64) AppleWebKit/537.36 (KHTML, like Gecko) Chrome/135.0.0.0 Safari/537.36 Edg/135.0.0.0',5,1744151713,'Chrome','Windows'),(38,'67f5a4c5233ed','::1','es','Mozilla/5.0 (Windows NT 10.0; Win64; x64) AppleWebKit/537.36 (KHTML, like Gecko) Chrome/135.0.0.0 Safari/537.36 Edg/135.0.0.0',1,1744151749,'Chrome','Windows'),(39,'680469ce3777b','::1','es','Mozilla/5.0 (Windows NT 10.0; Win64; x64) AppleWebKit/537.36 (KHTML, like Gecko) Chrome/132.0.0.0 Safari/537.36 OPR/117.0.0.0',1,1745119694,'Chrome','Windows'),(40,'680469d10857f','::1','es','Mozilla/5.0 (Windows NT 10.0; Win64; x64) AppleWebKit/537.36 (KHTML, like Gecko) Chrome/132.0.0.0 Safari/537.36 OPR/117.0.0.0',1,1745119697,'Chrome','Windows'),(41,'68046d3457cc1','::1','es','Mozilla/5.0 (Windows NT 10.0; Win64; x64) AppleWebKit/537.36 (KHTML, like Gecko) Chrome/132.0.0.0 Safari/537.36 OPR/117.0.0.0',7,1745120564,'Chrome','Windows'),(42,'68046d5049ef1','::1','es','Mozilla/5.0 (Windows NT 10.0; Win64; x64) AppleWebKit/537.36 (KHTML, like Gecko) Chrome/135.0.0.0 Safari/537.36 Edg/135.0.0.0',8,1745120592,'Chrome','Windows'),(43,'68046d9f1656e','::1','es','Mozilla/5.0 (Windows NT 10.0; Win64; x64) AppleWebKit/537.36 (KHTML, like Gecko) Chrome/135.0.0.0 Safari/537.36 Edg/135.0.0.0',5,1745120671,'Chrome','Windows'),(44,'68047e3e8f0b7','::1','es','Mozilla/5.0 (Windows NT 10.0; Win64; x64) AppleWebKit/537.36 (KHTML, like Gecko) Chrome/135.0.0.0 Safari/537.36 Edg/135.0.0.0',8,1745124926,'Chrome','Windows'),(45,'68048b2d1d848','::1','es','Mozilla/5.0 (Windows NT 10.0; Win64; x64) AppleWebKit/537.36 (KHTML, like Gecko) Chrome/135.0.0.0 Safari/537.36 Edg/135.0.0.0',5,1745128237,'Chrome','Windows');
/*!40000 ALTER TABLE `user_visit_log` ENABLE KEYS */;
UNLOCK TABLES;

--
-- Table structure for table `usuario`
--

DROP TABLE IF EXISTS `usuario`;
/*!40101 SET @saved_cs_client     = @@character_set_client */;
/*!50503 SET character_set_client = utf8mb4 */;
CREATE TABLE `usuario` (
  `usu_id` int NOT NULL AUTO_INCREMENT,
  `usu_nombre` varchar(15) NOT NULL,
  `usu_apellidop` varchar(15) NOT NULL,
  `usu_apellidom` varchar(15) NOT NULL,
  `usu_fecha_nac` date NOT NULL,
  `usu_sexo` enum('M','F') NOT NULL,
  `usu_fkcarrera` int NOT NULL,
  `usu_num_control` char(12) NOT NULL,
  `usu_fkcolonia` int NOT NULL,
  `usu_fkuser` int NOT NULL,
  PRIMARY KEY (`usu_id`),
  UNIQUE KEY `usu_num_control` (`usu_num_control`),
  KEY `usu_fkuser_idx` (`usu_fkuser`),
  KEY `usu_fkcarrera_idx` (`usu_fkcarrera`),
  KEY `usu_fkcolonia_idx` (`usu_fkcolonia`),
  CONSTRAINT `usu_fkcarrera` FOREIGN KEY (`usu_fkcarrera`) REFERENCES `carrera` (`car_id`),
  CONSTRAINT `usu_fkcolonia` FOREIGN KEY (`usu_fkcolonia`) REFERENCES `colonia` (`col_id`),
  CONSTRAINT `usu_fkuser` FOREIGN KEY (`usu_fkuser`) REFERENCES `user` (`id`)
) ENGINE=InnoDB AUTO_INCREMENT=6 DEFAULT CHARSET=utf8mb4 COLLATE=utf8mb4_0900_ai_ci;
/*!40101 SET character_set_client = @saved_cs_client */;

--
-- Dumping data for table `usuario`
--

LOCK TABLES `usuario` WRITE;
/*!40000 ALTER TABLE `usuario` DISABLE KEYS */;
INSERT INTO `usuario` VALUES (3,'Daniela Abigail','Hernandez','Carrasco','2003-04-13','F',3,'21300461',27004100,5),(4,'Jatziri','Aguilar','Olayo','2003-09-25','F',3,'21300585',27010226,7),(5,'Estefania','De la cruz','Caballero','2003-07-28','F',3,'21300616',27004174,8);
/*!40000 ALTER TABLE `usuario` ENABLE KEYS */;
UNLOCK TABLES;

--
-- Table structure for table `usudoc`
--

DROP TABLE IF EXISTS `usudoc`;
/*!40101 SET @saved_cs_client     = @@character_set_client */;
/*!50503 SET character_set_client = utf8mb4 */;
CREATE TABLE `usudoc` (
  `udo_fkusuario` int NOT NULL AUTO_INCREMENT,
  `udo_fkdocumento` int NOT NULL,
  `udo_fecha` date NOT NULL,
  `udo_estado` varchar(100) DEFAULT NULL,
  PRIMARY KEY (`udo_fkusuario`,`udo_fkdocumento`),
  KEY `udo_fkdocumento_idx` (`udo_fkdocumento`),
  CONSTRAINT `udo_fkdocumento` FOREIGN KEY (`udo_fkdocumento`) REFERENCES `documento` (`doc_id`),
  CONSTRAINT `udo_fkusuario` FOREIGN KEY (`udo_fkusuario`) REFERENCES `usuario` (`usu_id`)
) ENGINE=InnoDB DEFAULT CHARSET=utf8mb4 COLLATE=utf8mb4_0900_ai_ci;
/*!40101 SET character_set_client = @saved_cs_client */;

--
-- Dumping data for table `usudoc`
--

LOCK TABLES `usudoc` WRITE;
/*!40000 ALTER TABLE `usudoc` DISABLE KEYS */;
/*!40000 ALTER TABLE `usudoc` ENABLE KEYS */;
UNLOCK TABLES;
/*!40103 SET TIME_ZONE=@OLD_TIME_ZONE */;

/*!40101 SET SQL_MODE=@OLD_SQL_MODE */;
/*!40014 SET FOREIGN_KEY_CHECKS=@OLD_FOREIGN_KEY_CHECKS */;
/*!40014 SET UNIQUE_CHECKS=@OLD_UNIQUE_CHECKS */;
/*!40101 SET CHARACTER_SET_CLIENT=@OLD_CHARACTER_SET_CLIENT */;
/*!40101 SET CHARACTER_SET_RESULTS=@OLD_CHARACTER_SET_RESULTS */;
/*!40101 SET COLLATION_CONNECTION=@OLD_COLLATION_CONNECTION */;
/*!40111 SET SQL_NOTES=@OLD_SQL_NOTES */;

-- Dump completed on 2025-04-20 15:27:46
